-- MySQL dump 10.13  Distrib 8.0.25, for Win64 (x86_64)
--
-- Host: localhost    Database: mococo
-- ------------------------------------------------------
-- Server version	8.0.26

/*!40101 SET @OLD_CHARACTER_SET_CLIENT=@@CHARACTER_SET_CLIENT */;
/*!40101 SET @OLD_CHARACTER_SET_RESULTS=@@CHARACTER_SET_RESULTS */;
/*!40101 SET @OLD_COLLATION_CONNECTION=@@COLLATION_CONNECTION */;
/*!50503 SET NAMES utf8 */;
/*!40103 SET @OLD_TIME_ZONE=@@TIME_ZONE */;
/*!40103 SET TIME_ZONE='+00:00' */;
/*!40014 SET @OLD_UNIQUE_CHECKS=@@UNIQUE_CHECKS, UNIQUE_CHECKS=0 */;
/*!40014 SET @OLD_FOREIGN_KEY_CHECKS=@@FOREIGN_KEY_CHECKS, FOREIGN_KEY_CHECKS=0 */;
/*!40101 SET @OLD_SQL_MODE=@@SQL_MODE, SQL_MODE='NO_AUTO_VALUE_ON_ZERO' */;
/*!40111 SET @OLD_SQL_NOTES=@@SQL_NOTES, SQL_NOTES=0 */;

--
-- Table structure for table `achievement`
--

DROP TABLE IF EXISTS `achievement`;
/*!40101 SET @saved_cs_client     = @@character_set_client */;
/*!50503 SET character_set_client = utf8mb4 */;
CREATE TABLE `achievement` (
  `achieve_number` int NOT NULL AUTO_INCREMENT,
  `achieve_name` varchar(50) COLLATE utf8mb4_unicode_ci DEFAULT NULL,
  `achieve_dec` varchar(200) COLLATE utf8mb4_unicode_ci DEFAULT NULL,
  PRIMARY KEY (`achieve_number`)
) ENGINE=InnoDB AUTO_INCREMENT=21 DEFAULT CHARSET=utf8mb4 COLLATE=utf8mb4_unicode_ci;
/*!40101 SET character_set_client = @saved_cs_client */;

--
-- Dumping data for table `achievement`
--

LOCK TABLES `achievement` WRITE;
/*!40000 ALTER TABLE `achievement` DISABLE KEYS */;
INSERT INTO `achievement` VALUES (6,'텃밭 농사 초보','작물을 10개 심으세요.'),(7,'텃밭 농사 중수','작물을 25개 심으세요.'),(8,'텃밭 농사 고수','작물을 50개 심으세요.'),(9,'텃밭 농사 마스터','작물을 100개 심으세요.'),(10,'초보 농부','작물을 10개 수확하세요.'),(11,'중수 농부','작물을 25개 수확하세요.'),(12,'고수 농부','작물을 50개 수확하세요.'),(13,'마스터 농부','작물을 100개 수확하세요.'),(14,'만원의 행복','작물 수확으로 10,000원을 절약하세요.'),(15,'십만장자','작물 수확으로 100,000원을 절약하세요.'),(16,'백만장자','작물 수확으로 1,000,000원을 절약하세요.'),(17,'안개비','작물에 물을 10번 주세요.'),(18,'이슬비','작물에 물을 50번 주세요.'),(19,'가랑비','작물에 물을 100번 주세요.'),(20,'장대비','작물에 물을 200번 주세요.');
/*!40000 ALTER TABLE `achievement` ENABLE KEYS */;
UNLOCK TABLES;

--
-- Table structure for table `achievement_condition`
--

DROP TABLE IF EXISTS `achievement_condition`;
/*!40101 SET @saved_cs_client     = @@character_set_client */;
/*!50503 SET character_set_client = utf8mb4 */;
CREATE TABLE `achievement_condition` (
  `target` varchar(30) CHARACTER SET utf8mb4 COLLATE utf8mb4_unicode_ci NOT NULL,
  `achieve_number` int NOT NULL,
  `max` int DEFAULT '0',
  PRIMARY KEY (`target`,`achieve_number`),
  KEY `FK_achievement_TO_achievement_condition_1` (`achieve_number`),
  CONSTRAINT `FK_achievement_TO_achievement_condition_1` FOREIGN KEY (`achieve_number`) REFERENCES `achievement` (`achieve_number`)
) ENGINE=InnoDB DEFAULT CHARSET=utf8mb4 COLLATE=utf8mb4_unicode_ci;
/*!40101 SET character_set_client = @saved_cs_client */;

--
-- Dumping data for table `achievement_condition`
--

LOCK TABLES `achievement_condition` WRITE;
/*!40000 ALTER TABLE `achievement_condition` DISABLE KEYS */;
INSERT INTO `achievement_condition` VALUES ('crop_count',6,10),('crop_count',7,25),('crop_count',8,50),('crop_count',9,100),('crop_finish_count',10,10),('crop_finish_count',11,25),('crop_finish_count',12,50),('crop_finish_count',13,100),('gold',14,10000),('gold',15,100000),('gold',16,1000000),('water_count',17,10),('water_count',18,50),('water_count',19,100),('water_count',20,200);
/*!40000 ALTER TABLE `achievement_condition` ENABLE KEYS */;
UNLOCK TABLES;

--
-- Table structure for table `authority`
--

DROP TABLE IF EXISTS `authority`;
/*!40101 SET @saved_cs_client     = @@character_set_client */;
/*!50503 SET character_set_client = utf8mb4 */;
CREATE TABLE `authority` (
  `authority_name` varchar(50) CHARACTER SET utf8mb4 COLLATE utf8mb4_unicode_ci NOT NULL,
  PRIMARY KEY (`authority_name`)
) ENGINE=InnoDB DEFAULT CHARSET=utf8mb4 COLLATE=utf8mb4_unicode_ci;
/*!40101 SET character_set_client = @saved_cs_client */;

--
-- Dumping data for table `authority`
--

LOCK TABLES `authority` WRITE;
/*!40000 ALTER TABLE `authority` DISABLE KEYS */;
INSERT INTO `authority` VALUES ('ROLE_ADMIN'),('ROLE_USER');
/*!40000 ALTER TABLE `authority` ENABLE KEYS */;
UNLOCK TABLES;

--
-- Table structure for table `comment`
--

DROP TABLE IF EXISTS `comment`;
/*!40101 SET @saved_cs_client     = @@character_set_client */;
/*!50503 SET character_set_client = utf8mb4 */;
CREATE TABLE `comment` (
  `comment_number` int NOT NULL AUTO_INCREMENT,
  `post_number` int NOT NULL,
  `user_number` int NOT NULL,
  `user_nickname` varchar(20) CHARACTER SET utf8mb4 COLLATE utf8mb4_unicode_ci NOT NULL,
  `parent` int DEFAULT '0',
  `comment_count` int DEFAULT '0',
  `content` varchar(20) CHARACTER SET utf8mb4 COLLATE utf8mb4_unicode_ci NOT NULL,
  `recommend` int DEFAULT '0',
  `date` timestamp NULL DEFAULT CURRENT_TIMESTAMP,
  `is_delete` tinyint(1) DEFAULT '0',
  PRIMARY KEY (`comment_number`)
) ENGINE=InnoDB AUTO_INCREMENT=164 DEFAULT CHARSET=utf8mb4 COLLATE=utf8mb4_unicode_ci;
/*!40101 SET character_set_client = @saved_cs_client */;

--
-- Dumping data for table `comment`
--

LOCK TABLES `comment` WRITE;
/*!40000 ALTER TABLE `comment` DISABLE KEYS */;
/*!40000 ALTER TABLE `comment` ENABLE KEYS */;
UNLOCK TABLES;

--
-- Table structure for table `comment_recommend`
--

DROP TABLE IF EXISTS `comment_recommend`;
/*!40101 SET @saved_cs_client     = @@character_set_client */;
/*!50503 SET character_set_client = utf8mb4 */;
CREATE TABLE `comment_recommend` (
  `comment_number` int NOT NULL,
  `user_number` int NOT NULL,
  PRIMARY KEY (`comment_number`,`user_number`),
  KEY `FK_user_TO_comment_recommend_1` (`user_number`),
  CONSTRAINT `FK_comment_TO_comment_recommend_1` FOREIGN KEY (`comment_number`) REFERENCES `comment` (`comment_number`),
  CONSTRAINT `FK_user_TO_comment_recommend_1` FOREIGN KEY (`user_number`) REFERENCES `user` (`user_number`)
) ENGINE=InnoDB DEFAULT CHARSET=utf8mb4 COLLATE=utf8mb4_unicode_ci;
/*!40101 SET character_set_client = @saved_cs_client */;

--
-- Dumping data for table `comment_recommend`
--

LOCK TABLES `comment_recommend` WRITE;
/*!40000 ALTER TABLE `comment_recommend` DISABLE KEYS */;
/*!40000 ALTER TABLE `comment_recommend` ENABLE KEYS */;
UNLOCK TABLES;

--
-- Table structure for table `crop`
--

DROP TABLE IF EXISTS `crop`;
/*!40101 SET @saved_cs_client     = @@character_set_client */;
/*!50503 SET character_set_client = utf8mb4 */;
CREATE TABLE `crop` (
  `crop_number` int NOT NULL AUTO_INCREMENT,
  `name` varchar(20) CHARACTER SET utf8mb4 COLLATE utf8mb4_unicode_ci NOT NULL,
  `description` varchar(2000) CHARACTER SET utf8mb4 COLLATE utf8mb4_unicode_ci NOT NULL,
  `cultivation` varchar(2000) CHARACTER SET utf8mb4 COLLATE utf8mb4_unicode_ci NOT NULL,
  `sun` int NOT NULL,
  `water` int NOT NULL,
  `temperature` varchar(10) CHARACTER SET utf8mb4 COLLATE utf8mb4_unicode_ci NOT NULL,
  `growing_period` int NOT NULL,
  `growth_duration` varchar(12) CHARACTER SET utf8mb4 COLLATE utf8mb4_unicode_ci NOT NULL,
  `image` varchar(255) CHARACTER SET utf8mb4 COLLATE utf8mb4_unicode_ci DEFAULT NULL,
  `water_period` int DEFAULT '1',
  PRIMARY KEY (`crop_number`)
) ENGINE=InnoDB AUTO_INCREMENT=16 DEFAULT CHARSET=utf8mb4 COLLATE=utf8mb4_unicode_ci;
/*!40101 SET character_set_client = @saved_cs_client */;

--
-- Dumping data for table `crop`
--

LOCK TABLES `crop` WRITE;
/*!40000 ALTER TABLE `crop` DISABLE KEYS */;
INSERT INTO `crop` VALUES (1,'양파','뿌리가 보이는 상태의 모종이면 뿌리가 제대로 나있고 뿌리의 색깔은 순백의것이 건강한 모종입니다.\n\n양파의 효능은 혈관 건강에 도움이 된다는 것입니다.\n\n양파 속 항응고물질이 혈액순환을 개선시키고 혈관벽 손상을 막아 고혈압, 동맥경화, 심뇌혈관 질환, 당뇨병 등의 예방에 도움을 줍니다.\n\n또 양파는 지방 분해 효과가 있어 다이어트에 좋고,\n\n몸에 나쁜 활성산소 발생을 억제해 피부노화와 주름을 예방하는데 효과적입니다.\n\n','물주기\n10일\n모종선택\n잎의 색이 짙고 뿌리가 비대하지 않고 지름 6 ~ 8mm 정도\n\n20 ~ 25cm 정도의 길이의 것을 선택하도록 합니다.\n\n화분선택\n화분은 세로 30cm 이상, 폭 80cm 이상\n\n깊이가 20cm 이상인 중형 ~ 대형 타입 야채용 화분이 좋습니다.\n\n1. 돌은 화분의 밑바닥이 가려질때까지 넣고 그 위에 미리 준비해놓은 배양토를 넣어주세요.\n\n2. 물을 줄때 흙이 쏟아져내리지 않도로고 화분에 가득 채우지 않고 3~4센치정도는 여유를 남기고 넣어주세요\n\n3. 모종을 흙에 심는것이 끝나면 충분히 물을주세요.\n\nTIP: 추운시기는 가급적 따뜻한 아침에 물을주는것이 포인트입니다. 여름철 기온이 높은시기에에 심은경우는 건조에 충분히 주의해주세요.\n',1,2,'15~20',180,'100000000111','양파.jpeg',10),(2,'대파','파는 매운 맛과 쓴 맛이 강하며, 익히면 단 맛이 강해지는 등 다양한 맛과 강한 향을 보유하고 있기에 여러 요리에 널리 쓰입니다.\n\n오래 익히면 맛과 향이 사라지기 때문에 파 자체를 삶아 먹는 것은 적당하지 않지만 국물을 먹는 용도로 우려내는 것으로는 적합합니다.\n\n','물주기\n2일\n1. 시중에서 구매한 대파를 먹고 남은 뿌리를 심습니다.\n\n2. 뿌리로부터 5cm~7cm정도 잘라서 파가 3cm~4cm가 들어가도록 배양토에 심습니다.\n\n3. 새순이 자라면 잘라서 먹은 뒤 다시 자란 것을 먹을 수 있습니다.\n\n',4,3,'15~25',30,'011100011100','대파.jpeg',2),(3,'상추(씨앗)','수분과 식이섬유가 풍부해서 장운동을 촉진합니다.\n\n철분 성분이 빈혈을 예방해 줍니다.\n\n상추 줄기에서 스트레스 완화 성분이 있으며 진통작용을 합니다.\n\n이 성분이 신경을 안정시켜서 졸음이 오기도 합니다.\n\n상추는 냉한 성질이 있어서 다량 섭취시 설사할 수 있습니다.\n\n','물주기\n2일\n1. 파종을 하기 전에 상추 씨앗을 미리 물에 담가서 바닥에 가라앉은 씨앗만을 사용하도록 합니다.\n\n2. 트레이에 상토를 이용해서 생육환경을 조성해주고, 구멍을 하나 파서 상추씨 3립을 넣고 되도록 얕게 흙을 덮어줍니다.\n\n3. 상추씨를 파종하고, 물을 듬뿍줍니다. 상추는 파종한 다음 7~10일 가량 지나면 발아가 시작됩니다.\n\n4. 1홀당 3립씩 상추씨를 파종했으므로 발아가 잘되는 상추의 특성상 대부분 3개의 싹이 납니다. 상태가 좋은 녀석들 하나만 남기고 나머지 2개의 싹은 솎아 주도록 합니다.\n\n5. 처음에는 빽빽하게 심었다가 나중에는 솎아주는 방식으로 상추모를 만들면 됩니다.\n\nTIP: 물을 줄때는 해가 없을 때 주는 것이 좋습니다. 참고로 물을 줄 때 상토가 붕 떠서 바닥쪽에 있는 잎에 묻는 경우가 있습니다. 이 경우 분무기 등으로 잎에서 흙을 털어주는게 좋습니다.\n',5,3,'15~25',30,'001110011100','상추.jpeg',2),(4,'상추(모종)','수분과 식이섬유가 풍부해서 장운동을 촉진합니다.\n\n철분 성분이 빈혈을 예방해 줍니다.\n\n상추 줄기에서 스트레스 완화 성분이 있으며 진통작용을 합니다.\n\n이 성분이 신경을 안정시켜서 졸음이 오기도 합니다.\n\n상추는 냉한 성질이 있어서 다량 섭취시 설사할 수 있습니다.\n\n','물주기\n3일\n1. 모종판에서 1주 씩 살살 꺼냅니다.\n\n2. 화분에 흙은 1/3정도 채운 후 모종을 중앙에 위치한 후 흙을 채워 덮어줍니다.\n\n3. 베란다에서 상추 키우기의 핵심은 각자 화분에 심어주는 것이 좋다는 것입니다.\n',5,3,'15~25',30,'001110011100','상추.jpeg',3),(5,'고추(모종)','베란다에서 키우실 때는 볕이 들지않는다면 키우시지 않는게 좋습니다.\n\n고추의 캡사이신은 몸의 신진대사를 도와 지방을 태워 없애는데 도움을 줍니다.\n\n사과의 10배가 넘는 비타민 C를 함유하여 두세 개만 먹어도 일일 권장 비타민을 충족합니다.\n\n','1. 20cm 이상 깊이의 화분을 준비하고 심는 간격은 40cm 이상으로합니다.\n\n2. 베란다에서 가장 햇볕이 잘 드는 곳에 화분을 놓아주세요.\n\n2. 자갈이나 신문지 등을 덮어서 토양의 수분유지를 해주어야합니다.\n\n3. 모종을 심을 때 지주대(나무젓가락 등)를 같이 세워줍니다.\n\n4. 나무젓가락을 지주대로 사용하실 때는 나무젓가락을 반으로 가른 후 두꺼운 손잡이 부분을 서로 맞대로 스테이플러로 고정시켜줍니다.\n\n5. 꽃이 활짝 피면 물이 묻지 않은 붓이나 면봉을 이용해서 수정시켜 주세요.\n\n',5,3,'15~20',60,'001111000000','고추.jpeg',1),(6,'고구마(모종 만들기)','항암식품이라고 불릴 정도로 발암억제에 뛰어납니다.\r \r 몸속 활성 산소를 제거하고 항산화 효소를 활성화 시킵니다.\r \r 비타민E, B1, B6가 풍부하여 피로회복에 좋고 무기력함을 해소시켜줍니다.\r \r 구매한 고구마를 물에 담구어 모종을 만들고 모종을 심어서 더 많은 고구마를 재배할 수 있습니다.\r \r ','물갈이\n1일1번\n\n1. 고구마순을 채취할 고구마는 굵을수록 좋습니다.\n\n2. 30도 정도 기온이 유지되는 곳에 두면 고구마 싹이 빨리 올라옵니다.\n\n3. 물을 담아서 고구마를 담그고 물을 매일 갈아줍니다.\n\n4. 고구마 순이 자라면 고구마순을 자르고 아랫쪽 잎을 떼어냅니다.\n\n',4,5,'15~25',30,'001111000000','고구마순.jpeg',1),(7,'고구마','항암식품이라고 불릴 정도로 발암억제에 뛰어납니다.\n\n몸속 활성 산소를 제거하고 항산화 효소를 활성화 시킵니다.\n\n비타민E, B1, B6가 풍부하여 피로회복에 좋고 무기력함을 해소시켜줍니다.\n\n구매한 고구마를 물에 담구어 고구마순을 만들고 순을 심어서 더 많은 고구마를 재배할 수 있습니다.\n\n','물주기\n4일\n\n1. 화분에 고구마 순을 눕혀서 심어줍니다.\n\n2. 뿌리가 나올 때까지 강한 햇빛은 피해줍니다.\n\n3. 처음에는 물을 조금씩만 줍니다.\n\n4. 잎이 많아질수록 물넣는 양을 늘립니다.\n\nTIP: 물은 오후 늦게 주는 것이 좋습니다.\n\n',4,5,'15~38',240,'000111000000','고구마.jpeg',4),(8,'시금치','시금치는 야맹증 예방에 효과가 있고 활성산소 발생과 암세포 성장을 억제합니다.\n\n사람 몸에 있는 점막을 건강하게 유지시키고 어린이 성장을 촉진시킵니다.\n\n기름과 같이 섭취하면 좋은 성분의 흡수율이 증가하여 올리브유에 살짝 볶아먹는 것이 좋습니다.\n\n','물주기\n2일\n\n1. 시금치는 산도가 중요합니다. 흙에 달걀껍질을 믹서기로 잘게 부셔서 넣으면 좋습니다.\n\n2. 화분에 0.5~1cm 간격으로 씨앗이 3개씩 놓이게 뿌립니다. 흙은 1cm정도로 덮습니다.\n\n3. 시금치가 너무 겹쳐서 날 경우 중간에 뽑아서 솎아줍니다.\n\n',1,3,'15~20',60,'001111100000','시금치.jpeg',2),(9,'깻잎','철분 함량이 매우 높아서 빈혈 예방에 좋습니다.\n\n성장기 아동의 발육을 촉진합니다.\n\n체내 염증 완화와 항알레르기 효과가 있습니다.\n\n기침, 콧물, 재채기 증상을 완화하는 효과가 있습니다.\n\n','물주기(발아전)\n매일 1~2회\n\n물주기(새싹이 1~2cm로 자란 후)\n2일\n\n1. 깻잎은 위쪽으로 많이 자라는 작물이기 때문에 깊이가 있는 화분에서 키우는 것이 좋습니다.\n\n2. 화분에 손가락 한마디 (2cm 정도) 깊이로 심어줍니다.\n\n3. 발아가 끝나기 전까지는 매일 1~2회 스프레이로 물을 주는 것이 중요합니다.\n\n',2,4,'20~25',50,'011110011100','깻잎.jpeg',2),(10,'배추','배추에는 수분, 식이섬유와 칼슘, 칼륨, 인 등의 무기질과 비타민C 등이 풍부합니다.\n\n배추의 비타민C는 열 및 나트륨에 의한 손실이 낮기때문에 끓이거나 김치를 담갔을 때도 비타민C를 섭취할 수 있습니다.\n\n','물주기\n3일\n\n1. 화분에 씨앗을 4개씩 1cm깊이로 얕게 심습니다.\n\n2. 싹이나고 본잎이 3~4장 정도 나왔을 때 나머지를 1차로 솎아줍니다.\n\n3. 6장 정도 나왔을 때는 그 배추를 제외한 나머지를 뽑아 줍니다.\n\n4. 본잎이 12장 정도 됐을 때 칼슙액비를 500배로 물에 희석해서 사용하면 잘 자랍니다.\n\n',2,4,'18~22',100,'001111011100','배추.jpeg',3),(11,'딸기','항산화 성분과 플라노보이드 등 필수 영양소가 함유되어 있는데, 이 영양소들은 심혈관 질환을 예방하는데 도움을 준다.\n\n딸기에 함유된 피세틴이 신호 전달을 활발하게 만들어 기억력 향상에 도움을 주며, 치매를 예방하는 효과를 준다.\n\n식이 섬유와 수분이 다량 함유되어 있어 섭취 시 장운동을 활발하게 할 수 있도록 도와준다.\n\n비타민B가 풍부해서 스트레스 해소에 도움을 주며 신장의 기능을 원활하게 해주고 체내 수분을 조절해줘서 몸의 피로를 해소해 준다.','1. 물이 빠질 구멍이 있는 큰 화분을 선택합니다. \n\n2. 화분의 아래는 병이나 작은 돌, 부서진 도자기로 채웁니다. 화분의 1/3 정도 이런 물건으로 채우고 얇은 천을 덮어줍니다.\n\n3.나머지 화분을 화분용 영양토로 채웁니다. pH가 5.5와 6.5 사이인 영양토를 가용합니다.\n\n4. 딸기를 화분에 옮겨 심습니다.\n\n5.딸기를 심은 화분은 해가 잘 드는 곳에 둡니다. 딸기는 하루에 직사광선을 6-10시간을 받아야 합니다.\n\n6.처음에 난 꽃을 따줍니다. 처음으로 핀 꽃을 따주면서 딸기가 다음 꽃을 좀 더 강하게 피울 수 있도록 도와줍니다.\n\n7. 딸기 열매를 재배합니다. 맺힌 딸기가 ¾ 정도 빨갛게 변했다면, 수확하기에 알맞은 시기입니다. 보통 딸기를 수확하기까지 4에서 6주 정도 걸립니다.',5,4,'15~25',35,'001110001100','딸기.png',2),(12,'감자','대표적인 구황작물로 삶아서 주식 또는 간식으로 먹기도 하고 굽거나 기름에 튀겨 먹기도 합니다.\n\n100g 감자 한 개 기준 열량은 86kcal로 영양학적 가치가 훌륭한 식품입니다.\n\n햇감자에 많이 함유된 비타민B와 C를 보존하기 위해선 증기에 찌는 조리법이 좋습니다.\n\n싹이 돋은 부분은 솔라닌(solanine)이라는 독성이 있으므로 싹이 나거나 푸르게 변한 감자는 먹지 않는것이 좋습니다.','물주기\n3일\n\n1. 씨감자에 싹을 틔우기 위해 씨감자를 바닥에 고르게 깔고 차광막을 씌웁니다.\n\n2. 감자를 심기 일주일 전에 감자를 잘라줍니다. 작은 감자라면 통째로 심고, 크다면 싹을 기준으로 2~3개로 잘라서 심습니다. 이때 완전히 자르지 않고 80%정도만 자르는 것이 좋습니다.\n\n3. 감자의 씨눈이 하늘을 향하게 5cm 깊이로 심어줍니다. 위에는 지온 유지에 도움을 주는 흑색 비닐을 씌워줍니다.\n\n4. 감자를 심고 20~30일 후, 싹이올라오면 비닐의 구멍을 넓히고 흙을 더 덮어줍니다.\n\n5. 5월쯤이 되면 감자가 성장할 시기이므로 물을 충분히 줍니다.',3,3,'14~23',100,'011100000000','감자.png',3),(13,'방울토마토','방울토마토는 일반 토마토보다 관리가 쉽고 장기적으로 재배할 수 있으며 오래 보관할 수 있습니다.\n\n또한 병충해에 강하고 제철은 여름이지만 겨울에도 하우스 재배가 가능합니다.\n\n','물주기\n2일\n\n1. 방울토마토 모종을 사와 심습니다. 방울토마토 모종은 주로 2~4월에 나옵니다.\n\n2. 텃밭 또는 볕이 잘 드는 창가에서 기르고, 양분이 부족하다면 비료를 줍니다.\n\n3. 약 1m 정도의 지지대를 설치하고 모종을 끈으로 묶어 고정합니다.\n\n4. 1~2달 뒤 꽃과 순이 자랄경우 작은 줄기나 잎은 가지치기를 해줍니다.\n\n4. 방울토마토 수확은 꽃이 핀 뒤 50일정도 지나 색이 붉은색으로 변할 때 합니다.',5,3,'25~30',90,'011110000000','방울토마토.png',2),(14,'토마토','토마토는 100g당 약 16kcal 정도로 칼로리가 매우 낮아 다이어트식으로 우수할 뿐만 아니라 무기양분이 풍부하고 특히 항산화영양소인 비타민 C와 비타민 A 전구체인 카로틴이 풍부한 건강식품입니다.\n\n토마토는 피부노화 방지, 콜레스테롤과 혈압 감소에 효과가 있고 특히 심혈관계 질환과 전립선 암 등 식습관과 관련한 암 발생률을 현저하게 낮추는 것으로 알려져 있습니다.','물주기\n2일\n\n1. 거의 모든 종류의 토마토 모종은 땅에 심을 수 있고, 화분에서 기르는 것 만큼 자주 물을 주지 않아도 되는 장점이 있어 가능하다면 땅에 심는 것이 좋습니다.\n\n2. 토양에 많은 양의 퇴비를 넣습니다. 토마토를 심기 전 모종 또는 씨앗 구멍에 유기물 / 달걀 껍질을 뿌리는 것도 좋습니다.\n\n3. 토마토 모종은 적어도 하루에 6시간 햇빛이 비치는 곳에 심습니다.\n\n4. 모종을 심고 나서 14일 내에 최소 1.2m 높이의 지지대를 세워줍니다. 또한 토마토가 자라는 동안 잎과 곁순을 제거해 줍니다.\n\n',5,3,'25~30',150,'011110000000','토마토.png',2),(15,'가지','가지는 고온성 작물로 우리나라 여름에 어울리는 열매채소입니다.\n\n텃밭 수준에서 씨앗을 구해 가꾸기 보다는 시중에서 판매하는 모종을 구입해 심는 것이 좋으며 지역의 특성에 맞게 늦서리가 내리는 시기를 피해서 심어야 합니다.\n\n원산지에서 가지는 여러해살이 풀이지만 우리나라의 겨울에 적응이 불가능하므로 1년생 풀처럼 가꿉니다.','물주기\n4일\n\n1. 가지 종자는 싹이 트는데 비교적 많은 시간이 소요되므로 소독된 종자를 미리 싹을 틔워 파종하는 것이 좋습니다.\n\n2. 가지 모종을 심은 후, 150cm 정도의 막대를 세우고 부드러운 비닐 끈으로 가지 줄기를 묶어줍니다.\n\n3. 가지는 햇빛을 좋아하는 작물이기 때문에 가지를 넓게 벌려 햇빛을 잘 받도록 해줍니다.\n\n4. 가지는 기르면서 아랫잎을 따줘 바람이 잘 통하게 해줘야 병에 걸리지 않으며, 생리장해를 입은 잎이나 병든 잎, 늙은 잎은 일찍 따 주는 것이 좋습니다.\n\n5. 토양에서 기를 경우 물이 잘 빠지도록 해줘야 하며, 토양에 물이 많을 경우 가지의 뿌리가 썩거나 병이 생길 수 있습니다.',5,3,'22~30',120,'011110000000','가지.png',4);
/*!40000 ALTER TABLE `crop` ENABLE KEYS */;
UNLOCK TABLES;

--
-- Table structure for table `crop_price`
--

DROP TABLE IF EXISTS `crop_price`;
/*!40101 SET @saved_cs_client     = @@character_set_client */;
/*!50503 SET character_set_client = utf8mb4 */;
CREATE TABLE `crop_price` (
  `date` datetime NOT NULL DEFAULT CURRENT_TIMESTAMP,
  `crop_name` varchar(20) CHARACTER SET utf8mb4 COLLATE utf8mb4_unicode_ci NOT NULL,
  `price` int DEFAULT '0',
  PRIMARY KEY (`date`,`crop_name`)
) ENGINE=InnoDB DEFAULT CHARSET=utf8mb4 COLLATE=utf8mb4_unicode_ci;
/*!40101 SET character_set_client = @saved_cs_client */;

--
-- Dumping data for table `crop_price`
--

LOCK TABLES `crop_price` WRITE;
/*!40000 ALTER TABLE `crop_price` DISABLE KEYS */;
INSERT INTO `crop_price` VALUES ('2021-07-06 00:00:00','감자',1163),('2021-07-06 00:00:00','건고추',25760),('2021-07-06 00:00:00','고구마',4604),('2021-07-06 00:00:00','고추(모종)',7712),('2021-07-06 00:00:00','깐마늘(국산)',7269),('2021-07-06 00:00:00','깻잎',9460),('2021-07-06 00:00:00','녹두',19175),('2021-07-06 00:00:00','느타리버섯',3966),('2021-07-06 00:00:00','당근',1263),('2021-07-06 00:00:00','대파',1336),('2021-07-06 00:00:00','들깨',15662),('2021-07-06 00:00:00','땅콩',15467),('2021-07-06 00:00:00','레몬',4827),('2021-07-06 00:00:00','망고',9044),('2021-07-06 00:00:00','메밀',4400),('2021-07-06 00:00:00','멜론',3230),('2021-07-06 00:00:00','무',732),('2021-07-06 00:00:00','미나리',3625),('2021-07-06 00:00:00','바나나',2040),('2021-07-06 00:00:00','방울토마토',5540),('2021-07-06 00:00:00','배',6493),('2021-07-06 00:00:00','배추',833),('2021-07-06 00:00:00','복숭아',6704),('2021-07-06 00:00:00','붉은고추',6926),('2021-07-06 00:00:00','사과',6272),('2021-07-06 00:00:00','상추(모종)',5045),('2021-07-06 00:00:00','새송이버섯',4133),('2021-07-06 00:00:00','생강',5310),('2021-07-06 00:00:00','수박',17300),('2021-07-06 00:00:00','시금치',4365),('2021-07-06 00:00:00','쌀',2949),('2021-07-06 00:00:00','양배추',879),('2021-07-06 00:00:00','양파',703),('2021-07-06 00:00:00','얼갈이배추',2267),('2021-07-06 00:00:00','열무',2755),('2021-07-06 00:00:00','오렌지',2976),('2021-07-06 00:00:00','오이',1950),('2021-07-06 00:00:00','참깨',31093),('2021-07-06 00:00:00','참외',2976),('2021-07-06 00:00:00','찹쌀',3415),('2021-07-06 00:00:00','체리',13264),('2021-07-06 00:00:00','콩',6554),('2021-07-06 00:00:00','토마토',2774),('2021-07-06 00:00:00','파인애플',2177),('2021-07-06 00:00:00','파프리카',4740),('2021-07-06 00:00:00','팥',12095),('2021-07-06 00:00:00','팽이버섯',1773),('2021-07-06 00:00:00','피망',3966),('2021-07-06 00:00:00','호박',15660),('2021-07-07 00:00:00','감자',1166),('2021-07-07 00:00:00','건고추',25760),('2021-07-07 00:00:00','고구마',4504),('2021-07-07 00:00:00','고추(모종)',7312),('2021-07-07 00:00:00','깐마늘(국산)',7269),('2021-07-07 00:00:00','깻잎',8490),('2021-07-07 00:00:00','녹두',19175),('2021-07-07 00:00:00','느타리버섯',3933),('2021-07-07 00:00:00','당근',1263),('2021-07-07 00:00:00','대파',1510),('2021-07-07 00:00:00','들깨',15662),('2021-07-07 00:00:00','땅콩',15467),('2021-07-07 00:00:00','레몬',4807),('2021-07-07 00:00:00','망고',9204),('2021-07-07 00:00:00','메밀',4400),('2021-07-07 00:00:00','멜론',3230),('2021-07-07 00:00:00','무',792),('2021-07-07 00:00:00','미나리',3425),('2021-07-07 00:00:00','바나나',2009),('2021-07-07 00:00:00','방울토마토',6000),('2021-07-07 00:00:00','배',6493),('2021-07-07 00:00:00','배추',837),('2021-07-07 00:00:00','복숭아',6704),('2021-07-07 00:00:00','붉은고추',6836),('2021-07-07 00:00:00','사과',6544),('2021-07-07 00:00:00','상추(모종)',5095),('2021-07-07 00:00:00','새송이버섯',4166),('2021-07-07 00:00:00','생강',5310),('2021-07-07 00:00:00','수박',17100),('2021-07-07 00:00:00','시금치',4095),('2021-07-07 00:00:00','쌀',2949),('2021-07-07 00:00:00','양배추',854),('2021-07-07 00:00:00','양파',718),('2021-07-07 00:00:00','얼갈이배추',2175),('2021-07-07 00:00:00','열무',2620),('2021-07-07 00:00:00','오렌지',2976),('2021-07-07 00:00:00','오이',1750),('2021-07-07 00:00:00','참깨',31127),('2021-07-07 00:00:00','참외',2944),('2021-07-07 00:00:00','찹쌀',3415),('2021-07-07 00:00:00','체리',12904),('2021-07-07 00:00:00','콩',6554),('2021-07-07 00:00:00','토마토',2734),('2021-07-07 00:00:00','파인애플',2210),('2021-07-07 00:00:00','파프리카',5352),('2021-07-07 00:00:00','팥',12095),('2021-07-07 00:00:00','팽이버섯',1760),('2021-07-07 00:00:00','피망',3726),('2021-07-07 00:00:00','호박',14460),('2021-07-08 00:00:00','감자',1166),('2021-07-08 00:00:00','건고추',25760),('2021-07-08 00:00:00','고구마',4504),('2021-07-08 00:00:00','고추(모종)',6780),('2021-07-08 00:00:00','깐마늘(국산)',7458),('2021-07-08 00:00:00','깻잎',8490),('2021-07-08 00:00:00','녹두',19175),('2021-07-08 00:00:00','느타리버섯',3933),('2021-07-08 00:00:00','당근',1273),('2021-07-08 00:00:00','대파',1476),('2021-07-08 00:00:00','들깨',15662),('2021-07-08 00:00:00','땅콩',15467),('2021-07-08 00:00:00','레몬',4733),('2021-07-08 00:00:00','망고',9204),('2021-07-08 00:00:00','메밀',4400),('2021-07-08 00:00:00','멜론',3230),('2021-07-08 00:00:00','무',792),('2021-07-08 00:00:00','미나리',3337),('2021-07-08 00:00:00','바나나',1994),('2021-07-08 00:00:00','방울토마토',6000),('2021-07-08 00:00:00','배',6493),('2021-07-08 00:00:00','배추',864),('2021-07-08 00:00:00','복숭아',6628),('2021-07-08 00:00:00','붉은고추',6416),('2021-07-08 00:00:00','사과',6544),('2021-07-08 00:00:00','상추(모종)',5480),('2021-07-08 00:00:00','새송이버섯',4083),('2021-07-08 00:00:00','생강',5310),('2021-07-08 00:00:00','수박',17000),('2021-07-08 00:00:00','시금치',4895),('2021-07-08 00:00:00','쌀',2949),('2021-07-08 00:00:00','양배추',892),('2021-07-08 00:00:00','양파',742),('2021-07-08 00:00:00','얼갈이배추',2208),('2021-07-08 00:00:00','열무',2423),('2021-07-08 00:00:00','오렌지',3024),('2021-07-08 00:00:00','오이',1750),('2021-07-08 00:00:00','참깨',31127),('2021-07-08 00:00:00','참외',2764),('2021-07-08 00:00:00','찹쌀',3415),('2021-07-08 00:00:00','체리',12904),('2021-07-08 00:00:00','콩',6554),('2021-07-08 00:00:00','토마토',2874),('2021-07-08 00:00:00','파인애플',2243),('2021-07-08 00:00:00','파프리카',4792),('2021-07-08 00:00:00','팥',12095),('2021-07-08 00:00:00','팽이버섯',1773),('2021-07-08 00:00:00','피망',3596),('2021-07-08 00:00:00','호박',13720),('2021-07-09 00:00:00','감자',1166),('2021-07-09 00:00:00','건고추',25760),('2021-07-09 00:00:00','고구마',4070),('2021-07-09 00:00:00','고추(모종)',5736),('2021-07-09 00:00:00','깐마늘(국산)',7721),('2021-07-09 00:00:00','깻잎',8860),('2021-07-09 00:00:00','녹두',19175),('2021-07-09 00:00:00','느타리버섯',3733),('2021-07-09 00:00:00','당근',1273),('2021-07-09 00:00:00','대파',1386),('2021-07-09 00:00:00','들깨',15707),('2021-07-09 00:00:00','땅콩',15467),('2021-07-09 00:00:00','레몬',4733),('2021-07-09 00:00:00','망고',9204),('2021-07-09 00:00:00','메밀',4400),('2021-07-09 00:00:00','멜론',3230),('2021-07-09 00:00:00','무',752),('2021-07-09 00:00:00','미나리',2861),('2021-07-09 00:00:00','바나나',1994),('2021-07-09 00:00:00','방울토마토',5440),('2021-07-09 00:00:00','배',6493),('2021-07-09 00:00:00','배추',850),('2021-07-09 00:00:00','복숭아',6502),('2021-07-09 00:00:00','붉은고추',6120),('2021-07-09 00:00:00','사과',6544),('2021-07-09 00:00:00','상추(모종)',6065),('2021-07-09 00:00:00','새송이버섯',4033),('2021-07-09 00:00:00','생강',5310),('2021-07-09 00:00:00','수박',18000),('2021-07-09 00:00:00','시금치',4715),('2021-07-09 00:00:00','쌀',2949),('2021-07-09 00:00:00','양배추',887),('2021-07-09 00:00:00','양파',762),('2021-07-09 00:00:00','얼갈이배추',2191),('2021-07-09 00:00:00','열무',2490),('2021-07-09 00:00:00','오렌지',3024),('2021-07-09 00:00:00','오이',1500),('2021-07-09 00:00:00','참깨',31127),('2021-07-09 00:00:00','참외',2690),('2021-07-09 00:00:00','찹쌀',3425),('2021-07-09 00:00:00','체리',12904),('2021-07-09 00:00:00','콩',6554),('2021-07-09 00:00:00','토마토',2794),('2021-07-09 00:00:00','파인애플',2243),('2021-07-09 00:00:00','파프리카',4092),('2021-07-09 00:00:00','팥',12095),('2021-07-09 00:00:00','팽이버섯',1773),('2021-07-09 00:00:00','피망',3280),('2021-07-09 00:00:00','호박',12980),('2021-07-12 00:00:00','감자',1209),('2021-07-12 00:00:00','건고추',25760),('2021-07-12 00:00:00','고구마',3838),('2021-07-12 00:00:00','고추(모종)',5762),('2021-07-12 00:00:00','깐마늘(국산)',8043),('2021-07-12 00:00:00','깻잎',8490),('2021-07-12 00:00:00','녹두',19175),('2021-07-12 00:00:00','느타리버섯',3866),('2021-07-12 00:00:00','당근',1273),('2021-07-12 00:00:00','대파',1266),('2021-07-12 00:00:00','들깨',15707),('2021-07-12 00:00:00','땅콩',15467),('2021-07-12 00:00:00','레몬',4733),('2021-07-12 00:00:00','망고',9204),('2021-07-12 00:00:00','메밀',4400),('2021-07-12 00:00:00','멜론',3230),('2021-07-12 00:00:00','무',703),('2021-07-12 00:00:00','미나리',3071),('2021-07-12 00:00:00','바나나',1928),('2021-07-12 00:00:00','방울토마토',5740),('2021-07-12 00:00:00','배',6493),('2021-07-12 00:00:00','배추',831),('2021-07-12 00:00:00','복숭아',6502),('2021-07-12 00:00:00','붉은고추',5776),('2021-07-12 00:00:00','사과',6544),('2021-07-12 00:00:00','상추(모종)',6580),('2021-07-12 00:00:00','새송이버섯',4033),('2021-07-12 00:00:00','생강',5310),('2021-07-12 00:00:00','수박',18460),('2021-07-12 00:00:00','시금치',5195),('2021-07-12 00:00:00','쌀',2949),('2021-07-12 00:00:00','양배추',871),('2021-07-12 00:00:00','양파',767),('2021-07-12 00:00:00','얼갈이배추',2365),('2021-07-12 00:00:00','열무',2540),('2021-07-12 00:00:00','오렌지',3024),('2021-07-12 00:00:00','오이',1800),('2021-07-12 00:00:00','참깨',31127),('2021-07-12 00:00:00','참외',2590),('2021-07-12 00:00:00','찹쌀',3425),('2021-07-12 00:00:00','체리',12692),('2021-07-12 00:00:00','콩',6537),('2021-07-12 00:00:00','토마토',2774),('2021-07-12 00:00:00','파인애플',2243),('2021-07-12 00:00:00','파프리카',4620),('2021-07-12 00:00:00','팥',12060),('2021-07-12 00:00:00','팽이버섯',1773),('2021-07-12 00:00:00','피망',2972),('2021-07-12 00:00:00','호박',11920),('2021-07-13 00:00:00','감자',1219),('2021-07-13 00:00:00','건고추',25760),('2021-07-13 00:00:00','고구마',3818),('2021-07-13 00:00:00','고추(모종)',5296),('2021-07-13 00:00:00','깐마늘(국산)',8057),('2021-07-13 00:00:00','깻잎',8930),('2021-07-13 00:00:00','녹두',19175),('2021-07-13 00:00:00','느타리버섯',3866),('2021-07-13 00:00:00','당근',1283),('2021-07-13 00:00:00','대파',1166),('2021-07-13 00:00:00','들깨',15707),('2021-07-13 00:00:00','땅콩',15467),('2021-07-13 00:00:00','레몬',4733),('2021-07-13 00:00:00','망고',9204),('2021-07-13 00:00:00','메밀',4400),('2021-07-13 00:00:00','멜론',3230),('2021-07-13 00:00:00','무',559),('2021-07-13 00:00:00','미나리',2955),('2021-07-13 00:00:00','바나나',1866),('2021-07-13 00:00:00','방울토마토',4800),('2021-07-13 00:00:00','배',6403),('2021-07-13 00:00:00','배추',707),('2021-07-13 00:00:00','복숭아',6218),('2021-07-13 00:00:00','붉은고추',6040),('2021-07-13 00:00:00','사과',6224),('2021-07-13 00:00:00','상추(모종)',6415),('2021-07-13 00:00:00','새송이버섯',4033),('2021-07-13 00:00:00','생강',5310),('2021-07-13 00:00:00','수박',19120),('2021-07-13 00:00:00','시금치',4895),('2021-07-13 00:00:00','쌀',2949),('2021-07-13 00:00:00','양배추',696),('2021-07-13 00:00:00','양파',738),('2021-07-13 00:00:00','얼갈이배추',2292),('2021-07-13 00:00:00','열무',2490),('2021-07-13 00:00:00','오렌지',3333),('2021-07-13 00:00:00','오이',1800),('2021-07-13 00:00:00','참깨',31127),('2021-07-13 00:00:00','참외',2610),('2021-07-13 00:00:00','찹쌀',3425),('2021-07-13 00:00:00','체리',12692),('2021-07-13 00:00:00','콩',6537),('2021-07-13 00:00:00','토마토',2396),('2021-07-13 00:00:00','파인애플',2243),('2021-07-13 00:00:00','파프리카',4852),('2021-07-13 00:00:00','팥',12060),('2021-07-13 00:00:00','팽이버섯',1760),('2021-07-13 00:00:00','피망',2502),('2021-07-13 00:00:00','호박',10626),('2021-07-14 00:00:00','감자',1219),('2021-07-14 00:00:00','건고추',25760),('2021-07-14 00:00:00','고구마',3614),('2021-07-14 00:00:00','고추(모종)',5096),('2021-07-14 00:00:00','깐마늘(국산)',8057),('2021-07-14 00:00:00','깻잎',8830),('2021-07-14 00:00:00','녹두',19175),('2021-07-14 00:00:00','느타리버섯',3716),('2021-07-14 00:00:00','당근',1283),('2021-07-14 00:00:00','대파',1086),('2021-07-14 00:00:00','들깨',15707),('2021-07-14 00:00:00','땅콩',15467),('2021-07-14 00:00:00','레몬',4733),('2021-07-14 00:00:00','망고',9204),('2021-07-14 00:00:00','메밀',4400),('2021-07-14 00:00:00','멜론',3230),('2021-07-14 00:00:00','무',522),('2021-07-14 00:00:00','미나리',2659),('2021-07-14 00:00:00','바나나',1866),('2021-07-14 00:00:00','방울토마토',4800),('2021-07-14 00:00:00','배',6403),('2021-07-14 00:00:00','배추',676),('2021-07-14 00:00:00','복숭아',6147),('2021-07-14 00:00:00','붉은고추',6526),('2021-07-14 00:00:00','사과',6224),('2021-07-14 00:00:00','상추(모종)',6795),('2021-07-14 00:00:00','새송이버섯',3949),('2021-07-14 00:00:00','생강',5310),('2021-07-14 00:00:00','수박',19020),('2021-07-14 00:00:00','시금치',5165),('2021-07-14 00:00:00','쌀',2949),('2021-07-14 00:00:00','양배추',667),('2021-07-14 00:00:00','양파',733),('2021-07-14 00:00:00','얼갈이배추',2333),('2021-07-14 00:00:00','열무',2548),('2021-07-14 00:00:00','오렌지',3333),('2021-07-14 00:00:00','오이',2350),('2021-07-14 00:00:00','참깨',31127),('2021-07-14 00:00:00','참외',2596),('2021-07-14 00:00:00','찹쌀',3425),('2021-07-14 00:00:00','체리',12692),('2021-07-14 00:00:00','콩',6537),('2021-07-14 00:00:00','토마토',2396),('2021-07-14 00:00:00','파인애플',2243),('2021-07-14 00:00:00','파프리카',4532),('2021-07-14 00:00:00','팥',12060),('2021-07-14 00:00:00','팽이버섯',1693),('2021-07-14 00:00:00','피망',2246),('2021-07-14 00:00:00','호박',10560),('2021-07-15 00:00:00','감자',1219),('2021-07-15 00:00:00','건고추',25760),('2021-07-15 00:00:00','고구마',3562),('2021-07-15 00:00:00','고추(모종)',4770),('2021-07-15 00:00:00','깐마늘(국산)',8057),('2021-07-15 00:00:00','깻잎',9190),('2021-07-15 00:00:00','녹두',19175),('2021-07-15 00:00:00','느타리버섯',3433),('2021-07-15 00:00:00','당근',1263),('2021-07-15 00:00:00','대파',1046),('2021-07-15 00:00:00','들깨',15707),('2021-07-15 00:00:00','땅콩',15467),('2021-07-15 00:00:00','레몬',4772),('2021-07-15 00:00:00','망고',9204),('2021-07-15 00:00:00','메밀',4400),('2021-07-15 00:00:00','멜론',3230),('2021-07-15 00:00:00','무',473),('2021-07-15 00:00:00','미나리',2700),('2021-07-15 00:00:00','바나나',1866),('2021-07-15 00:00:00','방울토마토',4800),('2021-07-15 00:00:00','배',6403),('2021-07-15 00:00:00','배추',597),('2021-07-15 00:00:00','복숭아',5853),('2021-07-15 00:00:00','붉은고추',7402),('2021-07-15 00:00:00','사과',6044),('2021-07-15 00:00:00','상추(모종)',8815),('2021-07-15 00:00:00','새송이버섯',3916),('2021-07-15 00:00:00','생강',5380),('2021-07-15 00:00:00','수박',19140),('2021-07-15 00:00:00','시금치',5595),('2021-07-15 00:00:00','쌀',2949),('2021-07-15 00:00:00','양배추',638),('2021-07-15 00:00:00','양파',698),('2021-07-15 00:00:00','얼갈이배추',2350),('2021-07-15 00:00:00','열무',2540),('2021-07-15 00:00:00','오렌지',3333),('2021-07-15 00:00:00','오이',2550),('2021-07-15 00:00:00','참깨',31260),('2021-07-15 00:00:00','참외',2642),('2021-07-15 00:00:00','찹쌀',3425),('2021-07-15 00:00:00','체리',12532),('2021-07-15 00:00:00','콩',6537),('2021-07-15 00:00:00','토마토',2286),('2021-07-15 00:00:00','파인애플',2243),('2021-07-15 00:00:00','파프리카',4192),('2021-07-15 00:00:00','팥',12060),('2021-07-15 00:00:00','팽이버섯',1706),('2021-07-15 00:00:00','포도',5860),('2021-07-15 00:00:00','피망',2072),('2021-07-15 00:00:00','호박',10380),('2021-07-16 00:00:00','감자',1265),('2021-07-16 00:00:00','건고추',25760),('2021-07-16 00:00:00','고구마',3432),('2021-07-16 00:00:00','고추(모종)',4990),('2021-07-16 00:00:00','깐마늘(국산)',8057),('2021-07-16 00:00:00','깻잎',9220),('2021-07-16 00:00:00','녹두',19263),('2021-07-16 00:00:00','느타리버섯',3433),('2021-07-16 00:00:00','당근',1263),('2021-07-16 00:00:00','대파',1086),('2021-07-16 00:00:00','들깨',15707),('2021-07-16 00:00:00','땅콩',15467),('2021-07-16 00:00:00','레몬',4772),('2021-07-16 00:00:00','망고',9204),('2021-07-16 00:00:00','메밀',4400),('2021-07-16 00:00:00','멜론',3230),('2021-07-16 00:00:00','무',498),('2021-07-16 00:00:00','미나리',2553),('2021-07-16 00:00:00','바나나',1866),('2021-07-16 00:00:00','방울토마토',4800),('2021-07-16 00:00:00','배',6536),('2021-07-16 00:00:00','배추',609),('2021-07-16 00:00:00','복숭아',5422),('2021-07-16 00:00:00','붉은고추',8842),('2021-07-16 00:00:00','사과',6044),('2021-07-16 00:00:00','상추(모종)',11605),('2021-07-16 00:00:00','새송이버섯',3916),('2021-07-16 00:00:00','생강',5420),('2021-07-16 00:00:00','수박',19320),('2021-07-16 00:00:00','시금치',6565),('2021-07-16 00:00:00','쌀',2953),('2021-07-16 00:00:00','양배추',642),('2021-07-16 00:00:00','양파',695),('2021-07-16 00:00:00','얼갈이배추',2390),('2021-07-16 00:00:00','열무',2705),('2021-07-16 00:00:00','오렌지',3333),('2021-07-16 00:00:00','오이',2400),('2021-07-16 00:00:00','참깨',31260),('2021-07-16 00:00:00','참외',2642),('2021-07-16 00:00:00','찹쌀',3425),('2021-07-16 00:00:00','체리',12476),('2021-07-16 00:00:00','콩',6566),('2021-07-16 00:00:00','토마토',2186),('2021-07-16 00:00:00','파인애플',2243),('2021-07-16 00:00:00','파프리카',4264),('2021-07-16 00:00:00','팥',12060),('2021-07-16 00:00:00','팽이버섯',1693),('2021-07-16 00:00:00','포도',6364),('2021-07-16 00:00:00','피망',1892),('2021-07-16 00:00:00','호박',11720),('2021-07-19 00:00:00','감자',1305),('2021-07-19 00:00:00','건고추',25760),('2021-07-19 00:00:00','고구마',3412),('2021-07-19 00:00:00','고추(모종)',5496),('2021-07-19 00:00:00','깐마늘(국산)',8079),('2021-07-19 00:00:00','깻잎',9720),('2021-07-19 00:00:00','녹두',19263),('2021-07-19 00:00:00','느타리버섯',3433),('2021-07-19 00:00:00','당근',1302),('2021-07-19 00:00:00','대파',1342),('2021-07-19 00:00:00','들깨',15707),('2021-07-19 00:00:00','땅콩',15467),('2021-07-19 00:00:00','레몬',4772),('2021-07-19 00:00:00','망고',9204),('2021-07-19 00:00:00','메밀',4400),('2021-07-19 00:00:00','멜론',3230),('2021-07-19 00:00:00','무',566),('2021-07-19 00:00:00','미나리',2908),('2021-07-19 00:00:00','바나나',1866),('2021-07-19 00:00:00','방울토마토',4900),('2021-07-19 00:00:00','배',7160),('2021-07-19 00:00:00','배추',675),('2021-07-19 00:00:00','복숭아',5129),('2021-07-19 00:00:00','붉은고추',7376),('2021-07-19 00:00:00','사과',5816),('2021-07-19 00:00:00','상추(모종)',10865),('2021-07-19 00:00:00','새송이버섯',3816),('2021-07-19 00:00:00','생강',5420),('2021-07-19 00:00:00','수박',18720),('2021-07-19 00:00:00','시금치',8295),('2021-07-19 00:00:00','쌀',2953),('2021-07-19 00:00:00','양배추',667),('2021-07-19 00:00:00','양파',723),('2021-07-19 00:00:00','얼갈이배추',2765),('2021-07-19 00:00:00','열무',2905),('2021-07-19 00:00:00','오렌지',3333),('2021-07-19 00:00:00','오이',2000),('2021-07-19 00:00:00','참깨',31260),('2021-07-19 00:00:00','참외',2662),('2021-07-19 00:00:00','찹쌀',3425),('2021-07-19 00:00:00','체리',12476),('2021-07-19 00:00:00','콩',6566),('2021-07-19 00:00:00','토마토',2186),('2021-07-19 00:00:00','파인애플',2243),('2021-07-19 00:00:00','파프리카',4084),('2021-07-19 00:00:00','팥',12060),('2021-07-19 00:00:00','팽이버섯',1826),('2021-07-19 00:00:00','포도',6220),('2021-07-19 00:00:00','피망',1790),('2021-07-19 00:00:00','호박',10460),('2021-07-20 00:00:00','감자',1305),('2021-07-20 00:00:00','건고추',25760),('2021-07-20 00:00:00','고구마',3412),('2021-07-20 00:00:00','고추(모종)',5180),('2021-07-20 00:00:00','깐마늘(국산)',8079),('2021-07-20 00:00:00','깻잎',9790),('2021-07-20 00:00:00','녹두',19263),('2021-07-20 00:00:00','느타리버섯',3433),('2021-07-20 00:00:00','당근',1302),('2021-07-20 00:00:00','대파',1312),('2021-07-20 00:00:00','들깨',15707),('2021-07-20 00:00:00','땅콩',15467),('2021-07-20 00:00:00','레몬',4792),('2021-07-20 00:00:00','망고',9244),('2021-07-20 00:00:00','메밀',4400),('2021-07-20 00:00:00','멜론',3235),('2021-07-20 00:00:00','무',582),('2021-07-20 00:00:00','미나리',3145),('2021-07-20 00:00:00','바나나',1866),('2021-07-20 00:00:00','방울토마토',4900),('2021-07-20 00:00:00','배',7213),('2021-07-20 00:00:00','배추',745),('2021-07-20 00:00:00','복숭아',5231),('2021-07-20 00:00:00','붉은고추',6152),('2021-07-20 00:00:00','사과',5084),('2021-07-20 00:00:00','상추(모종)',10480),('2021-07-20 00:00:00','새송이버섯',3916),('2021-07-20 00:00:00','생강',5420),('2021-07-20 00:00:00','수박',19660),('2021-07-20 00:00:00','시금치',8195),('2021-07-20 00:00:00','쌀',2963),('2021-07-20 00:00:00','양배추',654),('2021-07-20 00:00:00','양파',747),('2021-07-20 00:00:00','얼갈이배추',2540),('2021-07-20 00:00:00','열무',2570),('2021-07-20 00:00:00','오렌지',3333),('2021-07-20 00:00:00','오이',2000),('2021-07-20 00:00:00','참깨',31260),('2021-07-20 00:00:00','참외',3030),('2021-07-20 00:00:00','찹쌀',3425),('2021-07-20 00:00:00','체리',12356),('2021-07-20 00:00:00','콩',6566),('2021-07-20 00:00:00','토마토',2206),('2021-07-20 00:00:00','파인애플',2243),('2021-07-20 00:00:00','파프리카',4332),('2021-07-20 00:00:00','팥',12060),('2021-07-20 00:00:00','팽이버섯',1813),('2021-07-20 00:00:00','포도',6224),('2021-07-20 00:00:00','피망',1772),('2021-07-20 00:00:00','호박',10820),('2021-07-21 00:00:00','감자',1305),('2021-07-21 00:00:00','건고추',25760),('2021-07-21 00:00:00','고구마',3412),('2021-07-21 00:00:00','고추(모종)',4512),('2021-07-21 00:00:00','깐마늘(국산)',8079),('2021-07-21 00:00:00','깻잎',9890),('2021-07-21 00:00:00','녹두',19263),('2021-07-21 00:00:00','느타리버섯',3433),('2021-07-21 00:00:00','당근',1302),('2021-07-21 00:00:00','대파',1318),('2021-07-21 00:00:00','들깨',15707),('2021-07-21 00:00:00','땅콩',15467),('2021-07-21 00:00:00','레몬',4792),('2021-07-21 00:00:00','망고',9244),('2021-07-21 00:00:00','메밀',4400),('2021-07-21 00:00:00','멜론',3235),('2021-07-21 00:00:00','무',546),('2021-07-21 00:00:00','미나리',3819),('2021-07-21 00:00:00','바나나',1866),('2021-07-21 00:00:00','방울토마토',5000),('2021-07-21 00:00:00','배',7213),('2021-07-21 00:00:00','배추',694),('2021-07-21 00:00:00','복숭아',4987),('2021-07-21 00:00:00','붉은고추',5180),('2021-07-21 00:00:00','사과',5044),('2021-07-21 00:00:00','상추(모종)',10945),('2021-07-21 00:00:00','새송이버섯',3849),('2021-07-21 00:00:00','생강',5420),('2021-07-21 00:00:00','수박',19660),('2021-07-21 00:00:00','시금치',8430),('2021-07-21 00:00:00','쌀',2963),('2021-07-21 00:00:00','양배추',654),('2021-07-21 00:00:00','양파',730),('2021-07-21 00:00:00','얼갈이배추',2342),('2021-07-21 00:00:00','열무',2425),('2021-07-21 00:00:00','오렌지',3333),('2021-07-21 00:00:00','오이',2150),('2021-07-21 00:00:00','참깨',31260),('2021-07-21 00:00:00','참외',3234),('2021-07-21 00:00:00','찹쌀',3425),('2021-07-21 00:00:00','체리',12212),('2021-07-21 00:00:00','콩',6566),('2021-07-21 00:00:00','토마토',2206),('2021-07-21 00:00:00','파인애플',2243),('2021-07-21 00:00:00','파프리카',3920),('2021-07-21 00:00:00','팥',12060),('2021-07-21 00:00:00','팽이버섯',1700),('2021-07-21 00:00:00','포도',6280),('2021-07-21 00:00:00','피망',1658),('2021-07-21 00:00:00','호박',11120),('2021-07-22 00:00:00','감자',1303),('2021-07-22 00:00:00','건고추',25760),('2021-07-22 00:00:00','고구마',3412),('2021-07-22 00:00:00','고추(모종)',4360),('2021-07-22 00:00:00','깐마늘(국산)',8079),('2021-07-22 00:00:00','깻잎',9790),('2021-07-22 00:00:00','녹두',19263),('2021-07-22 00:00:00','느타리버섯',3433),('2021-07-22 00:00:00','당근',1302),('2021-07-22 00:00:00','대파',1186),('2021-07-22 00:00:00','들깨',15707),('2021-07-22 00:00:00','땅콩',15467),('2021-07-22 00:00:00','레몬',4772),('2021-07-22 00:00:00','망고',9244),('2021-07-22 00:00:00','메밀',4400),('2021-07-22 00:00:00','멜론',3160),('2021-07-22 00:00:00','무',510),('2021-07-22 00:00:00','미나리',4116),('2021-07-22 00:00:00','바나나',1866),('2021-07-22 00:00:00','방울토마토',5000),('2021-07-22 00:00:00','배',7213),('2021-07-22 00:00:00','배추',639),('2021-07-22 00:00:00','복숭아',5102),('2021-07-22 00:00:00','붉은고추',4876),('2021-07-22 00:00:00','사과',4904),('2021-07-22 00:00:00','상추(모종)',11040),('2021-07-22 00:00:00','새송이버섯',3549),('2021-07-22 00:00:00','생강',5420),('2021-07-22 00:00:00','수박',19740),('2021-07-22 00:00:00','시금치',8430),('2021-07-22 00:00:00','쌀',2963),('2021-07-22 00:00:00','양배추',654),('2021-07-22 00:00:00','양파',727),('2021-07-22 00:00:00','얼갈이배추',2565),('2021-07-22 00:00:00','열무',2570),('2021-07-22 00:00:00','오렌지',3333),('2021-07-22 00:00:00','오이',2150),('2021-07-22 00:00:00','참깨',31260),('2021-07-22 00:00:00','참외',3016),('2021-07-22 00:00:00','찹쌀',3425),('2021-07-22 00:00:00','체리',12064),('2021-07-22 00:00:00','콩',6566),('2021-07-22 00:00:00','토마토',2206),('2021-07-22 00:00:00','파인애플',2243),('2021-07-22 00:00:00','파프리카',3672),('2021-07-22 00:00:00','팥',12080),('2021-07-22 00:00:00','팽이버섯',1653),('2021-07-22 00:00:00','포도',6064),('2021-07-22 00:00:00','피망',1416),('2021-07-22 00:00:00','호박',11460),('2021-07-23 00:00:00','감자',1287),('2021-07-23 00:00:00','건고추',25760),('2021-07-23 00:00:00','고구마',3452),('2021-07-23 00:00:00','고추(모종)',4686),('2021-07-23 00:00:00','깐마늘(국산)',8079),('2021-07-23 00:00:00','깻잎',9550),('2021-07-23 00:00:00','녹두',19263),('2021-07-23 00:00:00','느타리버섯',3566),('2021-07-23 00:00:00','당근',1349),('2021-07-23 00:00:00','대파',1176),('2021-07-23 00:00:00','들깨',15707),('2021-07-23 00:00:00','땅콩',15467),('2021-07-23 00:00:00','레몬',4575),('2021-07-23 00:00:00','망고',9672),('2021-07-23 00:00:00','메밀',4400),('2021-07-23 00:00:00','멜론',3160),('2021-07-23 00:00:00','무',516),('2021-07-23 00:00:00','미나리',3461),('2021-07-23 00:00:00','바나나',1866),('2021-07-23 00:00:00','방울토마토',3740),('2021-07-23 00:00:00','배',7213),('2021-07-23 00:00:00','배추',643),('2021-07-23 00:00:00','복숭아',4947),('2021-07-23 00:00:00','붉은고추',4992),('2021-07-23 00:00:00','사과',4904),('2021-07-23 00:00:00','상추(모종)',10430),('2021-07-23 00:00:00','새송이버섯',3665),('2021-07-23 00:00:00','생강',5420),('2021-07-23 00:00:00','수박',23000),('2021-07-23 00:00:00','시금치',7405),('2021-07-23 00:00:00','쌀',2963),('2021-07-23 00:00:00','양배추',746),('2021-07-23 00:00:00','양파',762),('2021-07-23 00:00:00','얼갈이배추',2545),('2021-07-23 00:00:00','열무',2523),('2021-07-23 00:00:00','오렌지',3333),('2021-07-23 00:00:00','오이',2250),('2021-07-23 00:00:00','참깨',31260),('2021-07-23 00:00:00','참외',3408),('2021-07-23 00:00:00','찹쌀',3425),('2021-07-23 00:00:00','체리',11664),('2021-07-23 00:00:00','콩',6566),('2021-07-23 00:00:00','토마토',2236),('2021-07-23 00:00:00','파인애플',2243),('2021-07-23 00:00:00','파프리카',3384),('2021-07-23 00:00:00','팥',12080),('2021-07-23 00:00:00','팽이버섯',1800),('2021-07-23 00:00:00','포도',5516),('2021-07-23 00:00:00','피망',1346),('2021-07-23 00:00:00','호박',9986),('2021-07-26 00:00:00','감자',1290),('2021-07-26 00:00:00','건고추',25760),('2021-07-26 00:00:00','고구마',3272),('2021-07-26 00:00:00','고추(모종)',4936),('2021-07-26 00:00:00','깐마늘(국산)',8079),('2021-07-26 00:00:00','깻잎',10120),('2021-07-26 00:00:00','녹두',19263),('2021-07-26 00:00:00','느타리버섯',3583),('2021-07-26 00:00:00','당근',1389),('2021-07-26 00:00:00','대파',1212),('2021-07-26 00:00:00','들깨',15707),('2021-07-26 00:00:00','땅콩',15467),('2021-07-26 00:00:00','레몬',4575),('2021-07-26 00:00:00','메밀',4400),('2021-07-26 00:00:00','멜론',3160),('2021-07-26 00:00:00','무',572),('2021-07-26 00:00:00','미나리',3537),('2021-07-26 00:00:00','바나나',1866),('2021-07-26 00:00:00','방울토마토',3740),('2021-07-26 00:00:00','배',7213),('2021-07-26 00:00:00','배추',819),('2021-07-26 00:00:00','복숭아',4947),('2021-07-26 00:00:00','붉은고추',5580),('2021-07-26 00:00:00','사과',4904),('2021-07-26 00:00:00','상추(모종)',9515),('2021-07-26 00:00:00','새송이버섯',3799),('2021-07-26 00:00:00','생강',5420),('2021-07-26 00:00:00','수박',23840),('2021-07-26 00:00:00','시금치',8855),('2021-07-26 00:00:00','쌀',2963),('2021-07-26 00:00:00','양배추',898),('2021-07-26 00:00:00','양파',773),('2021-07-26 00:00:00','얼갈이배추',2845),('2021-07-26 00:00:00','열무',2690),('2021-07-26 00:00:00','오렌지',3333),('2021-07-26 00:00:00','오이',1900),('2021-07-26 00:00:00','참깨',31260),('2021-07-26 00:00:00','참외',3476),('2021-07-26 00:00:00','찹쌀',3425),('2021-07-26 00:00:00','체리',11664),('2021-07-26 00:00:00','콩',6566),('2021-07-26 00:00:00','토마토',2076),('2021-07-26 00:00:00','파인애플',2243),('2021-07-26 00:00:00','파프리카',2856),('2021-07-26 00:00:00','팥',12080),('2021-07-26 00:00:00','팽이버섯',1813),('2021-07-26 00:00:00','포도',5476),('2021-07-26 00:00:00','피망',1226),('2021-07-26 00:00:00','호박',10110),('2021-07-27 00:00:00','감자',1280),('2021-07-27 00:00:00','건고추',25760),('2021-07-27 00:00:00','고구마',3224),('2021-07-27 00:00:00','고추(모종)',5110),('2021-07-27 00:00:00','깐마늘(국산)',8079),('2021-07-27 00:00:00','깻잎',10830),('2021-07-27 00:00:00','녹두',19263),('2021-07-27 00:00:00','느타리버섯',3966),('2021-07-27 00:00:00','당근',1379),('2021-07-27 00:00:00','대파',1076),('2021-07-27 00:00:00','들깨',15707),('2021-07-27 00:00:00','땅콩',15467),('2021-07-27 00:00:00','레몬',4575),('2021-07-27 00:00:00','메밀',4400),('2021-07-27 00:00:00','멜론',3135),('2021-07-27 00:00:00','무',612),('2021-07-27 00:00:00','미나리',3484),('2021-07-27 00:00:00','바나나',1866),('2021-07-27 00:00:00','방울토마토',3740),('2021-07-27 00:00:00','배',7213),('2021-07-27 00:00:00','배추',879),('2021-07-27 00:00:00','복숭아',4858),('2021-07-27 00:00:00','붉은고추',5878),('2021-07-27 00:00:00','사과',4784),('2021-07-27 00:00:00','상추(모종)',8515),('2021-07-27 00:00:00','새송이버섯',3552),('2021-07-27 00:00:00','생강',5420),('2021-07-27 00:00:00','수박',23640),('2021-07-27 00:00:00','시금치',9840),('2021-07-27 00:00:00','쌀',2963),('2021-07-27 00:00:00','양배추',921),('2021-07-27 00:00:00','양파',773),('2021-07-27 00:00:00','얼갈이배추',2555),('2021-07-27 00:00:00','열무',2640),('2021-07-27 00:00:00','오이',1750),('2021-07-27 00:00:00','참깨',31260),('2021-07-27 00:00:00','참외',3590),('2021-07-27 00:00:00','찹쌀',3425),('2021-07-27 00:00:00','체리',11584),('2021-07-27 00:00:00','콩',6566),('2021-07-27 00:00:00','토마토',2046),('2021-07-27 00:00:00','파인애플',2260),('2021-07-27 00:00:00','파프리카',2960),('2021-07-27 00:00:00','팥',12080),('2021-07-27 00:00:00','팽이버섯',1866),('2021-07-27 00:00:00','포도',5176),('2021-07-27 00:00:00','피망',1296),('2021-07-27 00:00:00','호박',12180),('2021-07-28 00:00:00','감자',1280),('2021-07-28 00:00:00','건고추',25089),('2021-07-28 00:00:00','고구마',3094),('2021-07-28 00:00:00','고추(모종)',4966),('2021-07-28 00:00:00','깐마늘(국산)',8079),('2021-07-28 00:00:00','깻잎',9790),('2021-07-28 00:00:00','녹두',19219),('2021-07-28 00:00:00','느타리버섯',3933),('2021-07-28 00:00:00','당근',1383),('2021-07-28 00:00:00','대파',1112),('2021-07-28 00:00:00','들깨',15707),('2021-07-28 00:00:00','땅콩',15467),('2021-07-28 00:00:00','레몬',4575),('2021-07-28 00:00:00','메밀',4400),('2021-07-28 00:00:00','멜론',3135),('2021-07-28 00:00:00','무',746),('2021-07-28 00:00:00','미나리',3484),('2021-07-28 00:00:00','바나나',1866),('2021-07-28 00:00:00','방울토마토',3740),('2021-07-28 00:00:00','배',7213),('2021-07-28 00:00:00','배추',951),('2021-07-28 00:00:00','복숭아',4858),('2021-07-28 00:00:00','붉은고추',5752),('2021-07-28 00:00:00','사과',4784),('2021-07-28 00:00:00','상추(모종)',6805),('2021-07-28 00:00:00','새송이버섯',3586),('2021-07-28 00:00:00','생강',5420),('2021-07-28 00:00:00','수박',23640),('2021-07-28 00:00:00','시금치',9010),('2021-07-28 00:00:00','쌀',2963),('2021-07-28 00:00:00','양배추',921),('2021-07-28 00:00:00','양파',793),('2021-07-28 00:00:00','얼갈이배추',2478),('2021-07-28 00:00:00','열무',2397),('2021-07-28 00:00:00','오이',1750),('2021-07-28 00:00:00','참깨',31260),('2021-07-28 00:00:00','참외',3590),('2021-07-28 00:00:00','찹쌀',3425),('2021-07-28 00:00:00','체리',11584),('2021-07-28 00:00:00','콩',6566),('2021-07-28 00:00:00','토마토',2046),('2021-07-28 00:00:00','파인애플',2260),('2021-07-28 00:00:00','파프리카',2960),('2021-07-28 00:00:00','팥',12080),('2021-07-28 00:00:00','팽이버섯',1793),('2021-07-28 00:00:00','포도',5176),('2021-07-28 00:00:00','피망',1222),('2021-07-28 00:00:00','호박',13900),('2021-07-29 00:00:00','감자',1305),('2021-07-29 00:00:00','건고추',25089),('2021-07-29 00:00:00','고구마',3054),('2021-07-29 00:00:00','고추(모종)',6046),('2021-07-29 00:00:00','깐마늘(국산)',8079),('2021-07-29 00:00:00','깻잎',10960),('2021-07-29 00:00:00','녹두',19219),('2021-07-29 00:00:00','느타리버섯',3833),('2021-07-29 00:00:00','당근',1383),('2021-07-29 00:00:00','대파',1142),('2021-07-29 00:00:00','들깨',15707),('2021-07-29 00:00:00','땅콩',15467),('2021-07-29 00:00:00','레몬',4575),('2021-07-29 00:00:00','메밀',4400),('2021-07-29 00:00:00','멜론',3135),('2021-07-29 00:00:00','무',686),('2021-07-29 00:00:00','미나리',3484),('2021-07-29 00:00:00','바나나',1866),('2021-07-29 00:00:00','방울토마토',3740),('2021-07-29 00:00:00','배',7213),('2021-07-29 00:00:00','배추',843),('2021-07-29 00:00:00','복숭아',4578),('2021-07-29 00:00:00','붉은고추',6142),('2021-07-29 00:00:00','사과',4784),('2021-07-29 00:00:00','상추(모종)',6815),('2021-07-29 00:00:00','새송이버섯',3486),('2021-07-29 00:00:00','생강',5420),('2021-07-29 00:00:00','수박',22960),('2021-07-29 00:00:00','시금치',9945),('2021-07-29 00:00:00','쌀',2963),('2021-07-29 00:00:00','양배추',929),('2021-07-29 00:00:00','양파',793),('2021-07-29 00:00:00','얼갈이배추',2505),('2021-07-29 00:00:00','열무',2545),('2021-07-29 00:00:00','오이',1900),('2021-07-29 00:00:00','참깨',31260),('2021-07-29 00:00:00','참외',3536),('2021-07-29 00:00:00','찹쌀',3425),('2021-07-29 00:00:00','체리',11584),('2021-07-29 00:00:00','콩',6566),('2021-07-29 00:00:00','토마토',2046),('2021-07-29 00:00:00','파인애플',2260),('2021-07-29 00:00:00','파프리카',2820),('2021-07-29 00:00:00','팥',12080),('2021-07-29 00:00:00','팽이버섯',1686),('2021-07-29 00:00:00','포도',5192),('2021-07-29 00:00:00','피망',1186),('2021-07-29 00:00:00','호박',13040),('2021-07-30 00:00:00','감자',1333),('2021-07-30 00:00:00','건고추',25089),('2021-07-30 00:00:00','고구마',3054),('2021-07-30 00:00:00','고추(모종)',6006),('2021-07-30 00:00:00','깐마늘(국산)',8079),('2021-07-30 00:00:00','깻잎',12090),('2021-07-30 00:00:00','녹두',19219),('2021-07-30 00:00:00','느타리버섯',3783),('2021-07-30 00:00:00','당근',1383),('2021-07-30 00:00:00','대파',1126),('2021-07-30 00:00:00','들깨',15707),('2021-07-30 00:00:00','땅콩',15467),('2021-07-30 00:00:00','레몬',4536),('2021-07-30 00:00:00','메밀',4400),('2021-07-30 00:00:00','멜론',3135),('2021-07-30 00:00:00','무',700),('2021-07-30 00:00:00','미나리',3395),('2021-07-30 00:00:00','바나나',1866),('2021-07-30 00:00:00','방울토마토',3740),('2021-07-30 00:00:00','배',7213),('2021-07-30 00:00:00','배추',959),('2021-07-30 00:00:00','복숭아',4578),('2021-07-30 00:00:00','붉은고추',5740),('2021-07-30 00:00:00','사과',4550),('2021-07-30 00:00:00','상추(모종)',8615),('2021-07-30 00:00:00','새송이버섯',3552),('2021-07-30 00:00:00','생강',5420),('2021-07-30 00:00:00','수박',23640),('2021-07-30 00:00:00','시금치',10745),('2021-07-30 00:00:00','쌀',2963),('2021-07-30 00:00:00','양배추',1037),('2021-07-30 00:00:00','양파',793),('2021-07-30 00:00:00','얼갈이배추',2365),('2021-07-30 00:00:00','열무',2615),('2021-07-30 00:00:00','오이',1900),('2021-07-30 00:00:00','참깨',31260),('2021-07-30 00:00:00','참외',3602),('2021-07-30 00:00:00','찹쌀',3425),('2021-07-30 00:00:00','체리',11584),('2021-07-30 00:00:00','콩',6566),('2021-07-30 00:00:00','토마토',2086),('2021-07-30 00:00:00','파인애플',2260),('2021-07-30 00:00:00','파프리카',2880),('2021-07-30 00:00:00','팥',12080),('2021-07-30 00:00:00','팽이버섯',1706),('2021-07-30 00:00:00','포도',5212),('2021-07-30 00:00:00','피망',1096),('2021-07-30 00:00:00','호박',12040),('2021-08-02 00:00:00','감자',1410),('2021-08-02 00:00:00','건고추',24914),('2021-08-02 00:00:00','고구마',3054),('2021-08-02 00:00:00','고추(모종)',6266),('2021-08-02 00:00:00','깐마늘(국산)',8079),('2021-08-02 00:00:00','깻잎',11690),('2021-08-02 00:00:00','녹두',19219),('2021-08-02 00:00:00','느타리버섯',3899),('2021-08-02 00:00:00','당근',1383),('2021-08-02 00:00:00','대파',1308),('2021-08-02 00:00:00','들깨',15707),('2021-08-02 00:00:00','땅콩',15467),('2021-08-02 00:00:00','레몬',4525),('2021-08-02 00:00:00','메밀',4400),('2021-08-02 00:00:00','멜론',3125),('2021-08-02 00:00:00','무',762),('2021-08-02 00:00:00','미나리',3572),('2021-08-02 00:00:00','바나나',1835),('2021-08-02 00:00:00','방울토마토',3100),('2021-08-02 00:00:00','배',7213),('2021-08-02 00:00:00','배추',1082),('2021-08-02 00:00:00','복숭아',4547),('2021-08-02 00:00:00','붉은고추',5730),('2021-08-02 00:00:00','사과',4550),('2021-08-02 00:00:00','상추(모종)',8095),('2021-08-02 00:00:00','새송이버섯',3486),('2021-08-02 00:00:00','생강',5420),('2021-08-02 00:00:00','수박',22760),('2021-08-02 00:00:00','시금치',12395),('2021-08-02 00:00:00','쌀',2963),('2021-08-02 00:00:00','양배추',1152),('2021-08-02 00:00:00','양파',793),('2021-08-02 00:00:00','얼갈이배추',2322),('2021-08-02 00:00:00','열무',2575),('2021-08-02 00:00:00','오이',1850),('2021-08-02 00:00:00','참깨',31260),('2021-08-02 00:00:00','참외',3842),('2021-08-02 00:00:00','찹쌀',3425),('2021-08-02 00:00:00','체리',11584),('2021-08-02 00:00:00','콩',6566),('2021-08-02 00:00:00','토마토',1888),('2021-08-02 00:00:00','파인애플',2260),('2021-08-02 00:00:00','파프리카',2952),('2021-08-02 00:00:00','팥',12080),('2021-08-02 00:00:00','팽이버섯',1913),('2021-08-02 00:00:00','포도',5204),('2021-08-02 00:00:00','피망',1286),('2021-08-02 00:00:00','호박',12260),('2021-08-03 00:00:00','감자',1410),('2021-08-03 00:00:00','건고추',25089),('2021-08-03 00:00:00','고구마',3054),('2021-08-03 00:00:00','고추(모종)',6170),('2021-08-03 00:00:00','깐마늘(국산)',8079),('2021-08-03 00:00:00','깻잎',12260),('2021-08-03 00:00:00','녹두',19219),('2021-08-03 00:00:00','느타리버섯',3933),('2021-08-03 00:00:00','당근',1383),('2021-08-03 00:00:00','대파',1416),('2021-08-03 00:00:00','들깨',15409),('2021-08-03 00:00:00','땅콩',15367),('2021-08-03 00:00:00','레몬',4525),('2021-08-03 00:00:00','메밀',4400),('2021-08-03 00:00:00','멜론',3125),('2021-08-03 00:00:00','무',788),('2021-08-03 00:00:00','미나리',4804),('2021-08-03 00:00:00','바나나',1820),('2021-08-03 00:00:00','방울토마토',2700),('2021-08-03 00:00:00','배',7213),('2021-08-03 00:00:00','배추',1172),('2021-08-03 00:00:00','복숭아',4831),('2021-08-03 00:00:00','붉은고추',5976),('2021-08-03 00:00:00','사과',4550),('2021-08-03 00:00:00','상추(모종)',8280),('2021-08-03 00:00:00','새송이버섯',3619),('2021-08-03 00:00:00','생강',5420),('2021-08-03 00:00:00','수박',22760),('2021-08-03 00:00:00','시금치',11520),('2021-08-03 00:00:00','쌀',2963),('2021-08-03 00:00:00','양배추',1082),('2021-08-03 00:00:00','양파',808),('2021-08-03 00:00:00','얼갈이배추',2267),('2021-08-03 00:00:00','열무',2333),('2021-08-03 00:00:00','오이',1850),('2021-08-03 00:00:00','참깨',31260),('2021-08-03 00:00:00','참외',3916),('2021-08-03 00:00:00','찹쌀',3425),('2021-08-03 00:00:00','체리',11584),('2021-08-03 00:00:00','콩',6560),('2021-08-03 00:00:00','토마토',1874),('2021-08-03 00:00:00','파인애플',2260),('2021-08-03 00:00:00','파프리카',3092),('2021-08-03 00:00:00','팥',12115),('2021-08-03 00:00:00','팽이버섯',1992),('2021-08-03 00:00:00','포도',5204),('2021-08-03 00:00:00','피망',2246),('2021-08-03 00:00:00','호박',13640),('2021-08-04 00:00:00','감자',1466),('2021-08-04 00:00:00','건고추',25089),('2021-08-04 00:00:00','고구마',3142),('2021-08-04 00:00:00','고추(모종)',6250),('2021-08-04 00:00:00','깐마늘(국산)',8100),('2021-08-04 00:00:00','깻잎',12390),('2021-08-04 00:00:00','녹두',19219),('2021-08-04 00:00:00','느타리버섯',3933),('2021-08-04 00:00:00','당근',1376),('2021-08-04 00:00:00','대파',1498),('2021-08-04 00:00:00','들깨',15409),('2021-08-04 00:00:00','땅콩',15367),('2021-08-04 00:00:00','레몬',4525),('2021-08-04 00:00:00','메밀',4400),('2021-08-04 00:00:00','멜론',3125),('2021-08-04 00:00:00','무',736),('2021-08-04 00:00:00','미나리',4964),('2021-08-04 00:00:00','바나나',1820),('2021-08-04 00:00:00','방울토마토',2700),('2021-08-04 00:00:00','배',7147),('2021-08-04 00:00:00','배추',1132),('2021-08-04 00:00:00','복숭아',4698),('2021-08-04 00:00:00','붉은고추',6070),('2021-08-04 00:00:00','사과',4550),('2021-08-04 00:00:00','상추(모종)',8705),('2021-08-04 00:00:00','새송이버섯',3652),('2021-08-04 00:00:00','생강',5420),('2021-08-04 00:00:00','수박',23160),('2021-08-04 00:00:00','시금치',11935),('2021-08-04 00:00:00','쌀',2953),('2021-08-04 00:00:00','양배추',1023),('2021-08-04 00:00:00','양파',808),('2021-08-04 00:00:00','얼갈이배추',2267),('2021-08-04 00:00:00','열무',2465),('2021-08-04 00:00:00','오이',1900),('2021-08-04 00:00:00','참깨',31260),('2021-08-04 00:00:00','참외',3808),('2021-08-04 00:00:00','찹쌀',3425),('2021-08-04 00:00:00','체리',11504),('2021-08-04 00:00:00','콩',6560),('2021-08-04 00:00:00','토마토',1794),('2021-08-04 00:00:00','파인애플',2260),('2021-08-04 00:00:00','파프리카',3300),('2021-08-04 00:00:00','팥',12115),('2021-08-04 00:00:00','팽이버섯',2256),('2021-08-04 00:00:00','포도',4964),('2021-08-04 00:00:00','피망',2622),('2021-08-04 00:00:00','호박',14180),('2021-08-05 00:00:00','감자',1543),('2021-08-05 00:00:00','건고추',25089),('2021-08-05 00:00:00','고구마',3624),('2021-08-05 00:00:00','고추(모종)',5896),('2021-08-05 00:00:00','깐마늘(국산)',8100),('2021-08-05 00:00:00','깻잎',15120),('2021-08-05 00:00:00','녹두',19219),('2021-08-05 00:00:00','느타리버섯',3933),('2021-08-05 00:00:00','당근',1376),('2021-08-05 00:00:00','대파',1686),('2021-08-05 00:00:00','들깨',15409),('2021-08-05 00:00:00','땅콩',15367),('2021-08-05 00:00:00','레몬',4525),('2021-08-05 00:00:00','메밀',4400),('2021-08-05 00:00:00','멜론',3125),('2021-08-05 00:00:00','무',782),('2021-08-05 00:00:00','미나리',5032),('2021-08-05 00:00:00','바나나',1820),('2021-08-05 00:00:00','방울토마토',2700),('2021-08-05 00:00:00','배',7147),('2021-08-05 00:00:00','배추',1090),('2021-08-05 00:00:00','복숭아',5013),('2021-08-05 00:00:00','붉은고추',6136),('2021-08-05 00:00:00','사과',4510),('2021-08-05 00:00:00','상추(모종)',8755),('2021-08-05 00:00:00','새송이버섯',3819),('2021-08-05 00:00:00','생강',5420),('2021-08-05 00:00:00','수박',23160),('2021-08-05 00:00:00','시금치',11115),('2021-08-05 00:00:00','쌀',2953),('2021-08-05 00:00:00','양배추',1035),('2021-08-05 00:00:00','양파',855),('2021-08-05 00:00:00','얼갈이배추',2580),('2021-08-05 00:00:00','열무',2615),('2021-08-05 00:00:00','오이',2150),('2021-08-05 00:00:00','참깨',31260),('2021-08-05 00:00:00','참외',3808),('2021-08-05 00:00:00','찹쌀',3425),('2021-08-05 00:00:00','체리',11636),('2021-08-05 00:00:00','콩',6560),('2021-08-05 00:00:00','토마토',1794),('2021-08-05 00:00:00','파인애플',2260),('2021-08-05 00:00:00','파프리카',3496),('2021-08-05 00:00:00','팥',12115),('2021-08-05 00:00:00','팽이버섯',2244),('2021-08-05 00:00:00','포도',4964),('2021-08-05 00:00:00','피망',2452),('2021-08-05 00:00:00','호박',17700),('2021-08-06 00:00:00','감자',1643),('2021-08-06 00:00:00','건고추',24256),('2021-08-06 00:00:00','고구마',3812),('2021-08-06 00:00:00','고추(모종)',4996),('2021-08-06 00:00:00','깐마늘(국산)',8100),('2021-08-06 00:00:00','깻잎',18860),('2021-08-06 00:00:00','녹두',19219),('2021-08-06 00:00:00','느타리버섯',3983),('2021-08-06 00:00:00','당근',1389),('2021-08-06 00:00:00','대파',1982),('2021-08-06 00:00:00','들깨',15409),('2021-08-06 00:00:00','땅콩',15367),('2021-08-06 00:00:00','레몬',4525),('2021-08-06 00:00:00','메밀',4400),('2021-08-06 00:00:00','멜론',3125),('2021-08-06 00:00:00','무',762),('2021-08-06 00:00:00','미나리',6107),('2021-08-06 00:00:00','바나나',1820),('2021-08-06 00:00:00','방울토마토',3600),('2021-08-06 00:00:00','배',7069),('2021-08-06 00:00:00','배추',1082),('2021-08-06 00:00:00','복숭아',5013),('2021-08-06 00:00:00','붉은고추',6256),('2021-08-06 00:00:00','사과',4510),('2021-08-06 00:00:00','상추(모종)',11515),('2021-08-06 00:00:00','새송이버섯',4186),('2021-08-06 00:00:00','생강',5420),('2021-08-06 00:00:00','수박',22900),('2021-08-06 00:00:00','시금치',12995),('2021-08-06 00:00:00','쌀',2953),('2021-08-06 00:00:00','양배추',1178),('2021-08-06 00:00:00','양파',860),('2021-08-06 00:00:00','얼갈이배추',2845),('2021-08-06 00:00:00','열무',2945),('2021-08-06 00:00:00','오이',2500),('2021-08-06 00:00:00','참깨',31260),('2021-08-06 00:00:00','참외',4122),('2021-08-06 00:00:00','찹쌀',3425),('2021-08-06 00:00:00','체리',11636),('2021-08-06 00:00:00','콩',6560),('2021-08-06 00:00:00','토마토',1800),('2021-08-06 00:00:00','파인애플',2260),('2021-08-06 00:00:00','파프리카',3264),('2021-08-06 00:00:00','팥',12115),('2021-08-06 00:00:00','팽이버섯',2592),('2021-08-06 00:00:00','포도',4964),('2021-08-06 00:00:00','피망',2036),('2021-08-06 00:00:00','호박',21520),('2021-08-17 00:00:00','감자',1615),('2021-08-17 00:00:00','건고추',23790),('2021-08-17 00:00:00','고구마',3652),('2021-08-17 00:00:00','고추(모종)',3110),('2021-08-17 00:00:00','깐마늘(국산)',7993),('2021-08-17 00:00:00','깻잎',15330),('2021-08-17 00:00:00','녹두',18594),('2021-08-17 00:00:00','느타리버섯',4016),('2021-08-17 00:00:00','당근',1466),('2021-08-17 00:00:00','대파',1322),('2021-08-17 00:00:00','들깨',15324),('2021-08-17 00:00:00','땅콩',15458),('2021-08-17 00:00:00','레몬',4276),('2021-08-17 00:00:00','메밀',4400),('2021-08-17 00:00:00','멜론',3175),('2021-08-17 00:00:00','무',578),('2021-08-17 00:00:00','미나리',6787),('2021-08-17 00:00:00','바나나',1774),('2021-08-17 00:00:00','방울토마토',4740),('2021-08-17 00:00:00','배',6711),('2021-08-17 00:00:00','배추',913),('2021-08-17 00:00:00','복숭아',5120),('2021-08-17 00:00:00','붉은고추',4258),('2021-08-17 00:00:00','사과',4510),('2021-08-17 00:00:00','상추(모종)',11045),('2021-08-17 00:00:00','새송이버섯',4119),('2021-08-17 00:00:00','생강',5400),('2021-08-17 00:00:00','수박',21580),('2021-08-17 00:00:00','시금치',15495),('2021-08-17 00:00:00','쌀',2953),('2021-08-17 00:00:00','양배추',742),('2021-08-17 00:00:00','양파',879),('2021-08-17 00:00:00','얼갈이배추',2655),('2021-08-17 00:00:00','열무',2553),('2021-08-17 00:00:00','오이',2400),('2021-08-17 00:00:00','참깨',30627),('2021-08-17 00:00:00','참외',4404),('2021-08-17 00:00:00','찹쌀',3425),('2021-08-17 00:00:00','체리',11944),('2021-08-17 00:00:00','콩',6560),('2021-08-17 00:00:00','토마토',2090),('2021-08-17 00:00:00','파',1322),('2021-08-17 00:00:00','파인애플',2338),('2021-08-17 00:00:00','파프리카',3884),('2021-08-17 00:00:00','팥',12115),('2021-08-17 00:00:00','팽이버섯',2284),('2021-08-17 00:00:00','포도',4636),('2021-08-17 00:00:00','피망',1986),('2021-08-17 00:00:00','호박',21060),('2021-08-18 00:00:00','감자',1590),('2021-08-18 00:00:00','건고추',22395),('2021-08-18 00:00:00','고구마',3652),('2021-08-18 00:00:00','고추(모종)',3230),('2021-08-18 00:00:00','깐마늘(국산)',7993),('2021-08-18 00:00:00','깻잎',15820),('2021-08-18 00:00:00','녹두',18594),('2021-08-18 00:00:00','느타리버섯',3883),('2021-08-18 00:00:00','당근',1466),('2021-08-18 00:00:00','들깨',15324),('2021-08-18 00:00:00','땅콩',15458),('2021-08-18 00:00:00','레몬',4276),('2021-08-18 00:00:00','메밀',4400),('2021-08-18 00:00:00','멜론',3175),('2021-08-18 00:00:00','무',586),('2021-08-18 00:00:00','미나리',7013),('2021-08-18 00:00:00','바나나',1774),('2021-08-18 00:00:00','방울토마토',3800),('2021-08-18 00:00:00','배',6711),('2021-08-18 00:00:00','배추',1044),('2021-08-18 00:00:00','복숭아',5120),('2021-08-18 00:00:00','붉은고추',4062),('2021-08-18 00:00:00','사과',4510),('2021-08-18 00:00:00','상추(모종)',10430),('2021-08-18 00:00:00','새송이버섯',4119),('2021-08-18 00:00:00','생강',5400),('2021-08-18 00:00:00','수박',21580),('2021-08-18 00:00:00','시금치',16315),('2021-08-18 00:00:00','쌀',2950),('2021-08-18 00:00:00','양배추',764),('2021-08-18 00:00:00','양파',879),('2021-08-18 00:00:00','얼갈이배추',2770),('2021-08-18 00:00:00','열무',2603),('2021-08-18 00:00:00','오이',2500),('2021-08-18 00:00:00','참깨',30627),('2021-08-18 00:00:00','참외',4404),('2021-08-18 00:00:00','찹쌀',3425),('2021-08-18 00:00:00','체리',11944),('2021-08-18 00:00:00','콩',6594),('2021-08-18 00:00:00','토마토',2010),('2021-08-18 00:00:00','파',1372),('2021-08-18 00:00:00','파인애플',2338),('2021-08-18 00:00:00','파프리카',4612),('2021-08-18 00:00:00','팥',12115),('2021-08-18 00:00:00','팽이버섯',2296),('2021-08-18 00:00:00','포도',4636),('2021-08-18 00:00:00','피망',1840),('2021-08-18 00:00:00','호박',21120);
/*!40000 ALTER TABLE `crop_price` ENABLE KEYS */;
UNLOCK TABLES;

--
-- Table structure for table `material`
--

DROP TABLE IF EXISTS `material`;
/*!40101 SET @saved_cs_client     = @@character_set_client */;
/*!50503 SET character_set_client = utf8mb4 */;
CREATE TABLE `material` (
  `recipe_number` int NOT NULL,
  `crop_number` int NOT NULL,
  PRIMARY KEY (`recipe_number`,`crop_number`),
  KEY `FK_crop_TO_material_1` (`crop_number`),
  CONSTRAINT `FK_crop_TO_material_1` FOREIGN KEY (`crop_number`) REFERENCES `crop` (`crop_number`),
  CONSTRAINT `FK_recipe_TO_material_1` FOREIGN KEY (`recipe_number`) REFERENCES `recipe` (`recipe_number`)
) ENGINE=InnoDB DEFAULT CHARSET=utf8mb4 COLLATE=utf8mb4_unicode_ci;
/*!40101 SET character_set_client = @saved_cs_client */;

--
-- Dumping data for table `material`
--

LOCK TABLES `material` WRITE;
/*!40000 ALTER TABLE `material` DISABLE KEYS */;
INSERT INTO `material` VALUES (1,1),(2,1),(3,2),(4,4),(5,4),(6,4),(7,4),(8,5),(9,5),(10,5),(11,7),(12,7),(13,7),(14,8),(15,8),(16,8),(17,9),(18,9),(19,9),(20,10),(21,10),(22,10),(23,12),(24,12),(25,13),(25,14),(26,15);
/*!40000 ALTER TABLE `material` ENABLE KEYS */;
UNLOCK TABLES;

--
-- Table structure for table `message`
--

DROP TABLE IF EXISTS `message`;
/*!40101 SET @saved_cs_client     = @@character_set_client */;
/*!50503 SET character_set_client = utf8mb4 */;
CREATE TABLE `message` (
  `message_number` int NOT NULL AUTO_INCREMENT,
  `user_sender` int NOT NULL,
  `user_receiver` int NOT NULL,
  `owner` int NOT NULL,
  `time` datetime DEFAULT CURRENT_TIMESTAMP,
  `content` varchar(200) CHARACTER SET utf8mb4 COLLATE utf8mb4_unicode_ci NOT NULL,
  `is_read` tinyint(1) DEFAULT '0',
  PRIMARY KEY (`message_number`)
) ENGINE=InnoDB AUTO_INCREMENT=105 DEFAULT CHARSET=utf8mb4 COLLATE=utf8mb4_unicode_ci;
/*!40101 SET character_set_client = @saved_cs_client */;

--
-- Dumping data for table `message`
--

LOCK TABLES `message` WRITE;
/*!40000 ALTER TABLE `message` DISABLE KEYS */;
/*!40000 ALTER TABLE `message` ENABLE KEYS */;
UNLOCK TABLES;

--
-- Table structure for table `notice`
--

DROP TABLE IF EXISTS `notice`;
/*!40101 SET @saved_cs_client     = @@character_set_client */;
/*!50503 SET character_set_client = utf8mb4 */;
CREATE TABLE `notice` (
  `notice_number` int NOT NULL AUTO_INCREMENT,
  `user_number` int NOT NULL,
  `post_number` int DEFAULT '0',
  `is_read` tinyint(1) DEFAULT '0',
  `date` datetime DEFAULT CURRENT_TIMESTAMP,
  `title` varchar(20) CHARACTER SET utf8mb4 COLLATE utf8mb4_unicode_ci NOT NULL,
  `content` varchar(200) CHARACTER SET utf8mb4 COLLATE utf8mb4_unicode_ci NOT NULL,
  PRIMARY KEY (`notice_number`)
) ENGINE=InnoDB AUTO_INCREMENT=322 DEFAULT CHARSET=utf8mb4 COLLATE=utf8mb4_unicode_ci;
/*!40101 SET character_set_client = @saved_cs_client */;

--
-- Dumping data for table `notice`
--

LOCK TABLES `notice` WRITE;
/*!40000 ALTER TABLE `notice` DISABLE KEYS */;
/*!40000 ALTER TABLE `notice` ENABLE KEYS */;
UNLOCK TABLES;

--
-- Table structure for table `post`
--

DROP TABLE IF EXISTS `post`;
/*!40101 SET @saved_cs_client     = @@character_set_client */;
/*!50503 SET character_set_client = utf8mb4 */;
CREATE TABLE `post` (
  `post_number` int NOT NULL AUTO_INCREMENT,
  `user_number` int NOT NULL,
  `user_nickname` varchar(20) CHARACTER SET utf8mb4 COLLATE utf8mb4_unicode_ci NOT NULL,
  `post_type` int NOT NULL,
  `title` varchar(30) CHARACTER SET utf8mb4 COLLATE utf8mb4_unicode_ci NOT NULL,
  `recommend` int DEFAULT '0',
  `comment_count` int DEFAULT '0',
  `view` int DEFAULT '0',
  `date` timestamp NULL DEFAULT CURRENT_TIMESTAMP,
  `content` varchar(2000) CHARACTER SET utf8mb4 COLLATE utf8mb4_unicode_ci NOT NULL,
  `keyword` varchar(20) CHARACTER SET utf8mb4 COLLATE utf8mb4_unicode_ci DEFAULT NULL,
  `is_delete` tinyint(1) DEFAULT '0',
  `is_finish` tinyint(1) DEFAULT '0',
  PRIMARY KEY (`post_number`)
) ENGINE=InnoDB AUTO_INCREMENT=35 DEFAULT CHARSET=utf8mb4 COLLATE=utf8mb4_unicode_ci;
/*!40101 SET character_set_client = @saved_cs_client */;

--
-- Dumping data for table `post`
--

LOCK TABLES `post` WRITE;
/*!40000 ALTER TABLE `post` DISABLE KEYS */;
/*!40000 ALTER TABLE `post` ENABLE KEYS */;
UNLOCK TABLES;

--
-- Table structure for table `post_photo`
--

DROP TABLE IF EXISTS `post_photo`;
/*!40101 SET @saved_cs_client     = @@character_set_client */;
/*!50503 SET character_set_client = utf8mb4 */;
CREATE TABLE `post_photo` (
  `photo_number` int NOT NULL AUTO_INCREMENT,
  `post_number` int NOT NULL,
  `save_folder` varchar(200) CHARACTER SET utf8mb4 COLLATE utf8mb4_unicode_ci DEFAULT NULL,
  `origin_file` varchar(200) CHARACTER SET utf8mb4 COLLATE utf8mb4_unicode_ci DEFAULT NULL,
  `save_file` mediumtext CHARACTER SET utf8mb4 COLLATE utf8mb4_unicode_ci,
  PRIMARY KEY (`photo_number`),
  KEY `FK_post_TO_post_photo_1` (`post_number`),
  CONSTRAINT `FK_post_TO_post_photo_1` FOREIGN KEY (`post_number`) REFERENCES `post` (`post_number`)
) ENGINE=InnoDB AUTO_INCREMENT=28 DEFAULT CHARSET=utf8mb4 COLLATE=utf8mb4_unicode_ci;
/*!40101 SET character_set_client = @saved_cs_client */;

--
-- Dumping data for table `post_photo`
--

LOCK TABLES `post_photo` WRITE;
/*!40000 ALTER TABLE `post_photo` DISABLE KEYS */;
/*!40000 ALTER TABLE `post_photo` ENABLE KEYS */;
UNLOCK TABLES;

--
-- Table structure for table `post_recommend`
--

DROP TABLE IF EXISTS `post_recommend`;
/*!40101 SET @saved_cs_client     = @@character_set_client */;
/*!50503 SET character_set_client = utf8mb4 */;
CREATE TABLE `post_recommend` (
  `post_number` int NOT NULL,
  `user_number` int NOT NULL,
  PRIMARY KEY (`post_number`,`user_number`),
  KEY `FK_user_TO_post_recommend_1` (`user_number`),
  CONSTRAINT `FK_post_TO_post_recommend_1` FOREIGN KEY (`post_number`) REFERENCES `post` (`post_number`),
  CONSTRAINT `FK_user_TO_post_recommend_1` FOREIGN KEY (`user_number`) REFERENCES `user` (`user_number`)
) ENGINE=InnoDB DEFAULT CHARSET=utf8mb4 COLLATE=utf8mb4_unicode_ci;
/*!40101 SET character_set_client = @saved_cs_client */;

--
-- Dumping data for table `post_recommend`
--

LOCK TABLES `post_recommend` WRITE;
/*!40000 ALTER TABLE `post_recommend` DISABLE KEYS */;
/*!40000 ALTER TABLE `post_recommend` ENABLE KEYS */;
UNLOCK TABLES;

--
-- Table structure for table `profile_photo`
--

DROP TABLE IF EXISTS `profile_photo`;
/*!40101 SET @saved_cs_client     = @@character_set_client */;
/*!50503 SET character_set_client = utf8mb4 */;
CREATE TABLE `profile_photo` (
  `photo_number` int NOT NULL AUTO_INCREMENT,
  `user_number` int NOT NULL,
  `save_folder` varchar(200) CHARACTER SET utf8mb4 COLLATE utf8mb4_unicode_ci DEFAULT NULL,
  `origin_file` varchar(200) CHARACTER SET utf8mb4 COLLATE utf8mb4_unicode_ci DEFAULT NULL,
  `save_file` mediumtext CHARACTER SET utf8mb4 COLLATE utf8mb4_unicode_ci,
  PRIMARY KEY (`photo_number`),
  KEY `FK_user_TO_profile_photo_1` (`user_number`),
  CONSTRAINT `FK_user_TO_profile_photo_1` FOREIGN KEY (`user_number`) REFERENCES `user` (`user_number`)
) ENGINE=InnoDB AUTO_INCREMENT=40 DEFAULT CHARSET=utf8mb4 COLLATE=utf8mb4_unicode_ci;
/*!40101 SET character_set_client = @saved_cs_client */;

--
-- Dumping data for table `profile_photo`
--

LOCK TABLES `profile_photo` WRITE;
/*!40000 ALTER TABLE `profile_photo` DISABLE KEYS */;
/*!40000 ALTER TABLE `profile_photo` ENABLE KEYS */;
UNLOCK TABLES;

--
-- Table structure for table `qna`
--

DROP TABLE IF EXISTS `qna`;
/*!40101 SET @saved_cs_client     = @@character_set_client */;
/*!50503 SET character_set_client = utf8mb4 */;
CREATE TABLE `qna` (
  `qna_number` int NOT NULL AUTO_INCREMENT,
  `user_number` int NOT NULL,
  `user_nickname` varchar(30) CHARACTER SET utf8mb4 COLLATE utf8mb4_unicode_ci NOT NULL,
  `qna_type` varchar(20) CHARACTER SET utf8mb4 COLLATE utf8mb4_unicode_ci NOT NULL,
  `question` varchar(500) CHARACTER SET utf8mb4 COLLATE utf8mb4_unicode_ci NOT NULL,
  `answer` varchar(500) CHARACTER SET utf8mb4 COLLATE utf8mb4_unicode_ci DEFAULT NULL,
  `date` timestamp NULL DEFAULT CURRENT_TIMESTAMP,
  `finish` tinyint(1) DEFAULT '0',
  PRIMARY KEY (`qna_number`)
) ENGINE=InnoDB AUTO_INCREMENT=22 DEFAULT CHARSET=utf8mb4 COLLATE=utf8mb4_unicode_ci;
/*!40101 SET character_set_client = @saved_cs_client */;

--
-- Dumping data for table `qna`
--

LOCK TABLES `qna` WRITE;
/*!40000 ALTER TABLE `qna` DISABLE KEYS */;
/*!40000 ALTER TABLE `qna` ENABLE KEYS */;
UNLOCK TABLES;

--
-- Table structure for table `recipe`
--

DROP TABLE IF EXISTS `recipe`;
/*!40101 SET @saved_cs_client     = @@character_set_client */;
/*!50503 SET character_set_client = utf8mb4 */;
CREATE TABLE `recipe` (
  `recipe_number` int NOT NULL AUTO_INCREMENT,
  `name` varchar(20) CHARACTER SET utf8mb4 COLLATE utf8mb4_unicode_ci NOT NULL,
  `url` varchar(200) CHARACTER SET utf8mb4 COLLATE utf8mb4_unicode_ci NOT NULL,
  PRIMARY KEY (`recipe_number`)
) ENGINE=InnoDB AUTO_INCREMENT=27 DEFAULT CHARSET=utf8mb4 COLLATE=utf8mb4_unicode_ci;
/*!40101 SET character_set_client = @saved_cs_client */;

--
-- Dumping data for table `recipe`
--

LOCK TABLES `recipe` WRITE;
/*!40000 ALTER TABLE `recipe` DISABLE KEYS */;
INSERT INTO `recipe` VALUES (1,'양파 덮밥','https://www.youtube.com/watch?v=-3y_AR7zYXM'),(2,'양파 스프','https://www.youtube.com/watch?v=C2GGN4yEphk'),(3,'파개장','https://www.youtube.com/watch?v=lH360TWUjSU'),(4,'상추김치','https://www.youtube.com/watch?v=7AnCq5AikSQ'),(5,'상추무침','https://www.youtube.com/watch?v=-ra3iQLuSWo'),(6,'상추전','https://www.youtube.com/watch?v=mseIHNoJxRQ'),(7,'상추겉절이','https://www.youtube.com/watch?v=NuwTSOKImUQ'),(8,'고추절임','https://www.youtube.com/watch?v=GwgOFMlbGV4'),(9,'고추찜','https://www.youtube.com/watch?v=l6u905e02wU'),(10,'고추튀김','https://www.youtube.com/watch?v=fcf6MWZ5fv8'),(11,'고구마맛탕','https://www.youtube.com/watch?v=aXJgN_JjYDg'),(12,'고구마말랭이','https://www.youtube.com/watch?v=ISxZ6MepXys'),(13,'고구마라떼','https://www.youtube.com/watch?v=G25SAhShmQw'),(14,'시금치베이컨볶음','https://www.youtube.com/watch?v=JV5pUbCiy1s'),(15,'시금치고기덮밥','https://www.youtube.com/watch?v=XU5Jv4e7DKw'),(16,'시금치나물','https://www.youtube.com/watch?v=tD8ApzPsDx8'),(17,'깻잎무침','https://www.youtube.com/watch?v=C_PYoYG1fWY'),(18,'깻잎맛살전','https://www.youtube.com/watch?v=kVkVHu-z5vQ'),(19,'깻잎장아찌','https://www.youtube.com/watch?v=NIIXofrOMoc'),(20,'배추찜','https://www.youtube.com/watch?v=1BvABnk5fjU'),(21,'배추김치','https://www.youtube.com/watch?v=K55CPyYTUJI'),(22,'배추술찜','https://www.youtube.com/watch?v=QUPARYxdTfg'),(23,'감자전','https://www.youtube.com/watch?v=N82hJpl5cMM'),(24,'감자조림','https://www.youtube.com/watch?v=3gQwydGHIG8'),(25,'토마토 달걀 볶음','https://www.youtube.com/watch?v=pTvMsM2v1tg'),(26,'가지밥','https://www.youtube.com/watch?v=kpeQCq4mIXs');
/*!40000 ALTER TABLE `recipe` ENABLE KEYS */;
UNLOCK TABLES;

--
-- Table structure for table `user`
--

DROP TABLE IF EXISTS `user`;
/*!40101 SET @saved_cs_client     = @@character_set_client */;
/*!50503 SET character_set_client = utf8mb4 */;
CREATE TABLE `user` (
  `user_number` int NOT NULL AUTO_INCREMENT,
  `id` varchar(12) CHARACTER SET utf8mb4 COLLATE utf8mb4_unicode_ci NOT NULL,
  `password` varchar(255) CHARACTER SET utf8mb4 COLLATE utf8mb4_unicode_ci NOT NULL,
  `nickname` varchar(20) CHARACTER SET utf8mb4 COLLATE utf8mb4_unicode_ci NOT NULL,
  `phone` varchar(320) CHARACTER SET utf8mb4 COLLATE utf8mb4_unicode_ci DEFAULT NULL,
  `join_date` datetime NOT NULL DEFAULT CURRENT_TIMESTAMP,
  `address` varchar(200) CHARACTER SET utf8mb4 COLLATE utf8mb4_unicode_ci DEFAULT NULL,
  `activated` tinyint(1) DEFAULT '0',
  `token` varchar(255) CHARACTER SET utf8mb4 COLLATE utf8mb4_unicode_ci DEFAULT NULL,
  `user_name` varchar(10) CHARACTER SET utf8mb4 COLLATE utf8mb4_unicode_ci NOT NULL,
  PRIMARY KEY (`user_number`),
  UNIQUE KEY `id` (`id`),
  UNIQUE KEY `phone` (`phone`)
) ENGINE=InnoDB AUTO_INCREMENT=14 DEFAULT CHARSET=utf8mb4 COLLATE=utf8mb4_unicode_ci;
/*!40101 SET character_set_client = @saved_cs_client */;

--
-- Dumping data for table `user`
--

LOCK TABLES `user` WRITE;
/*!40000 ALTER TABLE `user` DISABLE KEYS */;
INSERT INTO `user` VALUES (1,'admin','$2a$08$lDnHPz7eUkSi6ao14Twuau08mzhWrL4kyZGGU5xfiGALO/Vxd5DOi','admin','123123','2021-08-17 03:47:14','경상북도,경산시',1,'cSFISRhbhMU:APA91bFUUwgUjqzKSTk_poJqcp46g0pnlZ_u5mXM2jQC5MD2oINy37a-NR8ptZjbiJ1JS6vHbA7mhd5C-esgZPRXaIBwZC6RKzc9U0aSaw9pR_LXmZnNvSxB83O8CTj4rM8zVop7-9zr','어드민'),(2,'ssafy','$2a$10$QyGsWG9qEspES5.yFJ58z.IXm9CdhpWD3/uQ.L5vCaYoe/hAZN9P2','김싸피','1231234','2021-08-17 03:47:14',NULL,1,NULL,'김싸피'),(3,'pppppppp','$2a$10$G3Wn6NUQyfc2fUwrauU1E.gMdf7EaqZ2NsvWT9nbNC0umzAcfc2Xq','pppppppp','01012345670','2021-08-10 16:10:24',NULL,1,NULL,'이싸피'),(4,'yj7679','$2a$10$KVGNx4t84uTZkh0ffzZvb.wr/veolxoqCmxpJyeiqfCgWog6JtZna','yj7679','01012345611','2021-08-10 16:13:49','서울특별시,노원구',1,NULL,'박싸피'),(5,'test','$2a$10$RETzqZ52zDHzhuCsPv6h0uIpnQ3orxrBlPLlDsHMaC7QJicxXnbum','테스트','01012341234','2021-08-17 04:13:37','인천광역시,강화군',1,NULL,'테스트'),(6,'test2','$2a$10$M9OejbD6vzFDt749vDxUoOppCXKHN4t86iSpp.8YqdbWOz4tyaCkC','테스트2','01011112222','2021-08-17 04:15:40','서울특별시,강남구',1,NULL,'테스트2'),(7,'ayj','$2a$10$natIMkTzycZiqea7prEbIORj2b3ljE8P4SdPczb6ibZnHeRzYx7zG','ayj','01033818655','2021-08-17 04:18:47','충청남도,공주시',1,'e_DIzHfP1-c:APA91bFvJFX2jRvVPqJTZZVn_vJpYuyLGRra9l8PQr4bX0mhSBFyrGMlXz56V22nWK2ONj_7N8wN9gtUp0JVZOqB6GCoo3jQdOxpbG7qNoK5B5vdXqFmHJAtdX7-yNyVg_83aXyx3eZS','안녕'),(8,'ssafy2','$2a$10$tUoe1J7RyZGQItYayY4f3.sF4LMMqB5KNqbAZUwesOOgObm7.41US','이싸피','01012345678','2021-08-17 05:31:00',NULL,1,NULL,'이싸피'),(9,'ffffffff','$2a$10$1Y1xQ/KRdRiom6Dkf901WOGMU.LKHLcrBJfcroR6fasKIVZnf3tNW','ffffffff',NULL,'2021-08-18 17:57:34',NULL,0,NULL,'ffffffff'),(10,'testtest','$2a$10$bLlKSM9qQn0DvG.PcNjiKejPMW08oXS9iX/fqbrCSh9AAqFRY7o0W','testtest',NULL,'2021-08-18 13:52:13','경기도,고양시',0,NULL,'testtest'),(11,'testtest1','$2a$10$U42aXAQ9.m7bjbTN/DZbVOiQ1pb6e1FIKCLhKI3kDfixTLKDJZUde','testtest1',NULL,'2021-08-18 14:02:55','인천광역시,계양구',0,NULL,'testtest1'),(12,'testtest2','$2a$10$yCkaOy3nV1UQL33.rHZB8.vTFhKXqO69w0Fswna/.oqP6zyFZ6unW','testtest2',NULL,'2021-08-18 14:04:28','서울특별시,강동구',0,NULL,'testtest2'),(13,'lsh104305','$2a$10$YxRBudWZBl3XBPnoWDXF3epg8sgo5sGr6i/GEjxWLXNLPRXuGLg8m','lsh104305','01095555555','2021-08-19 05:47:08','대전광역시,유성구',1,NULL,'이상현');
/*!40000 ALTER TABLE `user` ENABLE KEYS */;
UNLOCK TABLES;

--
-- Table structure for table `user_authority`
--

DROP TABLE IF EXISTS `user_authority`;
/*!40101 SET @saved_cs_client     = @@character_set_client */;
/*!50503 SET character_set_client = utf8mb4 */;
CREATE TABLE `user_authority` (
  `user_number` int NOT NULL,
  `authority_name` varchar(50) CHARACTER SET utf8mb4 COLLATE utf8mb4_unicode_ci NOT NULL,
  PRIMARY KEY (`user_number`,`authority_name`),
  KEY `FK_authority_TO_user_authority_1` (`authority_name`),
  CONSTRAINT `FK_authority_TO_user_authority_1` FOREIGN KEY (`authority_name`) REFERENCES `authority` (`authority_name`),
  CONSTRAINT `FK_user_TO_user_authority_1` FOREIGN KEY (`user_number`) REFERENCES `user` (`user_number`)
) ENGINE=InnoDB DEFAULT CHARSET=utf8mb4 COLLATE=utf8mb4_unicode_ci;
/*!40101 SET character_set_client = @saved_cs_client */;

--
-- Dumping data for table `user_authority`
--

LOCK TABLES `user_authority` WRITE;
/*!40000 ALTER TABLE `user_authority` DISABLE KEYS */;
INSERT INTO `user_authority` VALUES (1,'ROLE_ADMIN'),(1,'ROLE_USER'),(3,'ROLE_USER'),(4,'ROLE_USER'),(5,'ROLE_USER'),(6,'ROLE_USER'),(7,'ROLE_USER'),(8,'ROLE_USER'),(9,'ROLE_USER'),(10,'ROLE_USER'),(11,'ROLE_USER'),(12,'ROLE_USER'),(13,'ROLE_USER');
/*!40000 ALTER TABLE `user_authority` ENABLE KEYS */;
UNLOCK TABLES;

--
-- Table structure for table `user_crop`
--

DROP TABLE IF EXISTS `user_crop`;
/*!40101 SET @saved_cs_client     = @@character_set_client */;
/*!50503 SET character_set_client = utf8mb4 */;
CREATE TABLE `user_crop` (
  `user_crop_number` int NOT NULL AUTO_INCREMENT,
  `user_number` int NOT NULL,
  `crop_number` int NOT NULL,
  `crop_nickname` varchar(30) CHARACTER SET utf8mb4 COLLATE utf8mb4_unicode_ci DEFAULT '작물 이름',
  `description` varchar(100) CHARACTER SET utf8mb4 COLLATE utf8mb4_unicode_ci DEFAULT '작물 설명',
  `planted_date` datetime DEFAULT CURRENT_TIMESTAMP,
  `target_date` datetime NOT NULL,
  `real_date` datetime DEFAULT NULL,
  `need_date` datetime DEFAULT NULL,
  `finish` tinyint(1) DEFAULT '0',
  `water_cycle` int DEFAULT NULL,
  `is_water` tinyint(1) DEFAULT '0',
  PRIMARY KEY (`user_crop_number`)
) ENGINE=InnoDB AUTO_INCREMENT=30 DEFAULT CHARSET=utf8mb4 COLLATE=utf8mb4_unicode_ci;
/*!40101 SET character_set_client = @saved_cs_client */;

--
-- Dumping data for table `user_crop`
--

LOCK TABLES `user_crop` WRITE;
/*!40000 ALTER TABLE `user_crop` DISABLE KEYS */;
/*!40000 ALTER TABLE `user_crop` ENABLE KEYS */;
UNLOCK TABLES;

--
-- Table structure for table `user_crop_photo`
--

DROP TABLE IF EXISTS `user_crop_photo`;
/*!40101 SET @saved_cs_client     = @@character_set_client */;
/*!50503 SET character_set_client = utf8mb4 */;
CREATE TABLE `user_crop_photo` (
  `photo_number` int NOT NULL AUTO_INCREMENT,
  `user_crop_number` int NOT NULL,
  `save_folder` varchar(200) CHARACTER SET utf8mb4 COLLATE utf8mb4_unicode_ci DEFAULT NULL,
  `origin_file` varchar(200) CHARACTER SET utf8mb4 COLLATE utf8mb4_unicode_ci DEFAULT NULL,
  `save_file` mediumtext CHARACTER SET utf8mb4 COLLATE utf8mb4_unicode_ci,
  PRIMARY KEY (`photo_number`),
  KEY `FK_user_crop_TO_post_photo_1` (`user_crop_number`),
  CONSTRAINT `FK_user_crop_TO_post_photo_1` FOREIGN KEY (`user_crop_number`) REFERENCES `user_crop` (`user_crop_number`) ON DELETE CASCADE
) ENGINE=InnoDB AUTO_INCREMENT=23 DEFAULT CHARSET=utf8mb4 COLLATE=utf8mb4_unicode_ci;
/*!40101 SET character_set_client = @saved_cs_client */;

--
-- Dumping data for table `user_crop_photo`
--

LOCK TABLES `user_crop_photo` WRITE;
/*!40000 ALTER TABLE `user_crop_photo` DISABLE KEYS */;
/*!40000 ALTER TABLE `user_crop_photo` ENABLE KEYS */;
UNLOCK TABLES;

--
-- Table structure for table `user_crop_record`
--

DROP TABLE IF EXISTS `user_crop_record`;
/*!40101 SET @saved_cs_client     = @@character_set_client */;
/*!50503 SET character_set_client = utf8mb4 */;
CREATE TABLE `user_crop_record` (
  `record_number` int NOT NULL AUTO_INCREMENT,
  `user_crop_number` int NOT NULL,
  `record_date` datetime DEFAULT CURRENT_TIMESTAMP,
  `state` int DEFAULT NULL,
  `detail` varchar(100) CHARACTER SET utf8mb4 COLLATE utf8mb4_unicode_ci DEFAULT NULL,
  PRIMARY KEY (`record_number`)
) ENGINE=InnoDB AUTO_INCREMENT=13 DEFAULT CHARSET=utf8mb4 COLLATE=utf8mb4_unicode_ci;
/*!40101 SET character_set_client = @saved_cs_client */;

--
-- Dumping data for table `user_crop_record`
--

LOCK TABLES `user_crop_record` WRITE;
/*!40000 ALTER TABLE `user_crop_record` DISABLE KEYS */;
/*!40000 ALTER TABLE `user_crop_record` ENABLE KEYS */;
UNLOCK TABLES;

--
-- Table structure for table `user_record`
--

DROP TABLE IF EXISTS `user_record`;
/*!40101 SET @saved_cs_client     = @@character_set_client */;
/*!50503 SET character_set_client = utf8mb4 */;
CREATE TABLE `user_record` (
  `user_number` int NOT NULL,
  `gold` int DEFAULT '0',
  `post_count` int DEFAULT '0',
  `comment_count` int DEFAULT '0',
  `recommend_count` int DEFAULT '0',
  `crop_finish_count` int DEFAULT '0',
  `crop_count` int DEFAULT '0',
  `water_count` int DEFAULT '0',
  `request_count` int DEFAULT '0',
  `answer_count` int DEFAULT '0',
  `share_count` int DEFAULT '0',
  PRIMARY KEY (`user_number`),
  CONSTRAINT `FK_user_TO_user_record_1` FOREIGN KEY (`user_number`) REFERENCES `user` (`user_number`)
) ENGINE=InnoDB DEFAULT CHARSET=utf8mb4 COLLATE=utf8mb4_unicode_ci;
/*!40101 SET character_set_client = @saved_cs_client */;

--
-- Dumping data for table `user_record`
--

LOCK TABLES `user_record` WRITE;
/*!40000 ALTER TABLE `user_record` DISABLE KEYS */;
INSERT INTO `user_record` VALUES (1,0,0,0,0,0,0,0,0,0,0),(2,0,0,0,0,0,0,0,0,0,0),(3,0,0,0,0,0,0,0,0,0,0),(4,0,0,0,0,0,0,0,0,0,0),(5,0,0,0,0,0,0,0,0,0,0),(6,0,0,0,0,0,0,0,0,0,0),(7,0,0,0,0,0,0,0,0,0,0),(8,0,0,0,0,0,0,0,0,0,0),(9,0,0,0,0,0,0,0,0,0,0),(10,0,0,0,0,0,0,0,0,0,0),(11,0,0,0,0,0,0,0,0,0,0),(12,0,0,0,0,0,0,0,0,0,0),(13,0,0,0,0,0,0,0,0,0,0);
/*!40000 ALTER TABLE `user_record` ENABLE KEYS */;
UNLOCK TABLES;

--
-- Table structure for table `user_setting`
--

DROP TABLE IF EXISTS `user_setting`;
/*!40101 SET @saved_cs_client     = @@character_set_client */;
/*!50503 SET character_set_client = utf8mb4 */;
CREATE TABLE `user_setting` (
  `user_number` int NOT NULL,
  `water_notice` tinyint(1) DEFAULT '1',
  `recommend_notice` tinyint(1) DEFAULT '1',
  `comment_notice` tinyint(1) DEFAULT '1',
  `message_notice` tinyint(1) DEFAULT '1',
  `dark_mode` tinyint(1) DEFAULT '0',
  `notice_time` int DEFAULT '6',
  PRIMARY KEY (`user_number`),
  CONSTRAINT `FK_user_TO_user_setting_1` FOREIGN KEY (`user_number`) REFERENCES `user` (`user_number`)
) ENGINE=InnoDB DEFAULT CHARSET=utf8mb4 COLLATE=utf8mb4_unicode_ci;
/*!40101 SET character_set_client = @saved_cs_client */;

--
-- Dumping data for table `user_setting`
--

LOCK TABLES `user_setting` WRITE;
/*!40000 ALTER TABLE `user_setting` DISABLE KEYS */;
INSERT INTO `user_setting` VALUES (1,1,1,1,1,0,21),(2,1,1,1,1,0,16),(3,1,1,1,1,0,16),(4,0,0,0,0,0,0),(5,1,1,1,1,0,6),(6,1,1,1,1,0,6),(7,1,1,1,1,0,7),(8,1,1,1,1,0,6),(9,1,1,1,1,0,6),(10,1,1,1,1,0,6),(11,1,1,1,1,0,6),(12,1,1,1,1,0,6),(13,1,1,1,1,0,6);
/*!40000 ALTER TABLE `user_setting` ENABLE KEYS */;
UNLOCK TABLES;

--
-- Table structure for table `water_record`
--

DROP TABLE IF EXISTS `water_record`;
/*!40101 SET @saved_cs_client     = @@character_set_client */;
/*!50503 SET character_set_client = utf8mb4 */;
CREATE TABLE `water_record` (
  `user_crop_number` int NOT NULL,
  `record_date` datetime NOT NULL DEFAULT CURRENT_TIMESTAMP,
  PRIMARY KEY (`user_crop_number`,`record_date`),
  CONSTRAINT `FK_user_crop_TO_water_record_1` FOREIGN KEY (`user_crop_number`) REFERENCES `user_crop` (`user_crop_number`) ON DELETE CASCADE
) ENGINE=InnoDB DEFAULT CHARSET=utf8mb4 COLLATE=utf8mb4_unicode_ci;
/*!40101 SET character_set_client = @saved_cs_client */;

--
-- Dumping data for table `water_record`
--

LOCK TABLES `water_record` WRITE;
/*!40000 ALTER TABLE `water_record` DISABLE KEYS */;
/*!40000 ALTER TABLE `water_record` ENABLE KEYS */;
UNLOCK TABLES;

--
-- Table structure for table `weather_info`
--

DROP TABLE IF EXISTS `weather_info`;
/*!40101 SET @saved_cs_client     = @@character_set_client */;
/*!50503 SET character_set_client = utf8mb4 */;
CREATE TABLE `weather_info` (
  `city` varchar(20) CHARACTER SET utf8mb4 COLLATE utf8mb4_unicode_ci NOT NULL,
  `gugun` varchar(20) CHARACTER SET utf8mb4 COLLATE utf8mb4_unicode_ci NOT NULL,
  `temperature` double DEFAULT '0',
  `humidity` double DEFAULT '0',
  `weather` varchar(12) CHARACTER SET utf8mb4 COLLATE utf8mb4_unicode_ci DEFAULT '',
  PRIMARY KEY (`city`,`gugun`)
) ENGINE=InnoDB DEFAULT CHARSET=utf8mb4 COLLATE=utf8mb4_unicode_ci;
/*!40101 SET character_set_client = @saved_cs_client */;

--
-- Dumping data for table `weather_info`
--

LOCK TABLES `weather_info` WRITE;
/*!40000 ALTER TABLE `weather_info` DISABLE KEYS */;
INSERT INTO `weather_info` VALUES ('강원도','강릉시',22,90,'비'),('강원도','고성군',24,85,'흐림'),('강원도','동해시',23,95,'비'),('강원도','삼척시',20,100,'비'),('강원도','속초시',24,85,'비'),('강원도','양구군',26,60,'흐림'),('강원도','양양군',22,90,'비'),('강원도','영월군',24,70,'흐림'),('강원도','원주시',27,65,'흐림'),('강원도','인제군',24,75,'흐림'),('강원도','정선군',23,85,'흐림'),('강원도','철원군',26,60,'흐림'),('강원도','춘천시',27,65,'흐림'),('강원도','태백시',19,95,'비'),('강원도','평창군',24,70,'흐림'),('강원도','홍천군',26,60,'흐림'),('강원도','화천군',27,65,'흐림'),('강원도','횡성군',26,65,'흐림'),('경기도','가평군',27,65,'흐림'),('경기도','고양시덕양구',29,50,'맑음'),('경기도','고양시일산동구',29,50,'맑음'),('경기도','고양시일산서구',29,55,'맑음'),('경기도','과천시',28,55,'맑음'),('경기도','광명시',29,50,'맑음'),('경기도','광주시',28,55,'구름많음'),('경기도','구리시',28,50,'맑음'),('경기도','군포시',28,50,'맑음'),('경기도','김포시',29,55,'맑음'),('경기도','남양주시',28,50,'구름많음'),('경기도','동두천시',28,65,'구름많음'),('경기도','부천시소사구',28,50,'맑음'),('경기도','부천시오정구',29,50,'맑음'),('경기도','부천시원미구',28,50,'맑음'),('경기도','성남시분당구',29,55,'구름많음'),('경기도','성남시수정구',29,50,'구름많음'),('경기도','성남시중원구',29,50,'구름많음'),('경기도','수원시권선구',29,55,'구름많음'),('경기도','수원시영통구',28,50,'구름많음'),('경기도','수원시장안구',29,55,'구름많음'),('경기도','수원시팔달구',28,50,'구름많음'),('경기도','시흥시',28,50,'맑음'),('경기도','안산시단원구',28,55,'맑음'),('경기도','안산시상록구',29,55,'맑음'),('경기도','안성시',29,55,'흐림'),('경기도','안양시동안구',29,55,'맑음'),('경기도','안양시만안구',29,55,'맑음'),('경기도','양주시',29,55,'구름많음'),('경기도','양평군',28,60,'흐림'),('경기도','여주군',27,65,'흐림'),('경기도','연천군',28,50,'구름많음'),('경기도','오산시',27,50,'구름많음'),('경기도','용인시기흥구',29,50,'구름많음'),('경기도','용인시수지구',29,55,'구름많음'),('경기도','용인시처인구',28,55,'구름많음'),('경기도','의왕시',27,55,'맑음'),('경기도','의정부시',28,55,'구름많음'),('경기도','이천시',27,65,'흐림'),('경기도','파주시',28,60,'맑음'),('경기도','평택시',29,55,'흐림'),('경기도','포천시',28,55,'구름많음'),('경기도','하남시',29,55,'구름많음'),('경기도','화성시',28,55,'구름많음'),('경상남도','거제시',24,75,'비'),('경상남도','거창군',22,85,'흐림'),('경상남도','고성군',24,80,'비'),('경상남도','김해시',24,85,'흐림'),('경상남도','남해군',24,75,'흐림'),('경상남도','마산시',24,80,'흐림'),('경상남도','밀양시',24,85,'흐림'),('경상남도','사천시',25,70,'흐림'),('경상남도','산청군',23,85,'흐림'),('경상남도','양산시',24,80,'흐림'),('경상남도','의령군',24,75,'흐림'),('경상남도','진주시',24,75,'흐림'),('경상남도','진해시',24,75,'흐림'),('경상남도','창녕군',23,85,'흐림'),('경상남도','창원시',24,85,'흐림'),('경상남도','통영시',25,80,'비'),('경상남도','하동군',25,75,'흐림'),('경상남도','함안군',24,80,'흐림'),('경상남도','함양군',23,80,'흐림'),('경상남도','합천군',23,85,'흐림'),('경상북도','경산시',23,85,'흐림'),('경상북도','경주시',24,85,'흐림'),('경상북도','고령군',23,85,'흐림'),('경상북도','구미시',23,85,'흐림'),('경상북도','군위군',22,90,'흐림'),('경상북도','김천시',23,80,'흐림'),('경상북도','문경시',22,85,'구름많음'),('경상북도','봉화군',22,85,'흐림'),('경상북도','상주시',24,85,'구름많음'),('경상북도','성주군',23,80,'흐림'),('경상북도','안동시',22,90,'흐림'),('경상북도','영덕군',24,90,'흐림'),('경상북도','영양군',22,90,'흐림'),('경상북도','영주시',23,85,'구름많음'),('경상북도','영천시',23,90,'흐림'),('경상북도','예천군',23,85,'구름많음'),('경상북도','울릉군',23,95,'비'),('경상북도','울진군',22,95,'비'),('경상북도','의성군',22,90,'흐림'),('경상북도','청도군',23,85,'흐림'),('경상북도','청송군',22,90,'흐림'),('경상북도','칠곡군',22,85,'흐림'),('경상북도','포항시남구',24,85,'흐림'),('경상북도','포항시북구',24,85,'흐림'),('광주광역시','광산구',28,60,'소나기'),('광주광역시','남구',28,60,'소나기'),('광주광역시','동구',28,60,'소나기'),('광주광역시','북구',28,60,'소나기'),('광주광역시','서구',28,60,'소나기'),('대구광역시','남구',26,75,'흐림'),('대구광역시','달서구',26,75,'흐림'),('대구광역시','달성군',26,75,'흐림'),('대구광역시','동구',26,75,'흐림'),('대구광역시','북구',26,75,'흐림'),('대구광역시','서구',26,75,'흐림'),('대구광역시','수성구',26,75,'흐림'),('대구광역시','중구',26,75,'흐림'),('대전광역시','대덕구',27,55,'흐림'),('대전광역시','동구',27,55,'흐림'),('대전광역시','서구',28,55,'흐림'),('대전광역시','유성구',28,55,'흐림'),('대전광역시','중구',27,55,'흐림'),('부산광역시','강서구',29,65,'비'),('부산광역시','금정구',27,70,'비'),('부산광역시','기장군',27,70,'비'),('부산광역시','남구',27,75,'비'),('부산광역시','동구',28,70,'비'),('부산광역시','동래구',28,70,'비'),('부산광역시','부산진구',27,75,'비'),('부산광역시','북구',28,70,'비'),('부산광역시','사상구',29,65,'비'),('부산광역시','사하구',28,65,'비'),('부산광역시','서구',28,70,'비'),('부산광역시','수영구',26,75,'비'),('부산광역시','연제구',28,70,'비'),('부산광역시','영도구',28,70,'비'),('부산광역시','중구',28,70,'비'),('부산광역시','해운대구',26,75,'비'),('서울특별시','강남구',30,50,'맑음'),('서울특별시','강동구',29,50,'구름많음'),('서울특별시','강북구',29,55,'맑음'),('서울특별시','강서구',29,50,'맑음'),('서울특별시','관악구',29,55,'맑음'),('서울특별시','광진구',30,50,'맑음'),('서울특별시','구로구',29,50,'맑음'),('서울특별시','금천구',29,50,'맑음'),('서울특별시','노원구',29,55,'맑음'),('서울특별시','도봉구',29,55,'맑음'),('서울특별시','동대문구',29,50,'맑음'),('서울특별시','동작구',29,55,'맑음'),('서울특별시','마포구',29,50,'맑음'),('서울특별시','서대문구',29,55,'맑음'),('서울특별시','서초구',29,55,'맑음'),('서울특별시','성동구',29,50,'맑음'),('서울특별시','성북구',29,55,'맑음'),('서울특별시','송파구',29,50,'맑음'),('서울특별시','양천구',29,50,'맑음'),('서울특별시','영등포구',29,50,'맑음'),('서울특별시','용산구',29,55,'맑음'),('서울특별시','은평구',29,55,'맑음'),('서울특별시','종로구',29,55,'맑음'),('서울특별시','중구',29,55,'맑음'),('서울특별시','중랑구',29,50,'맑음'),('울산광역시','남구',27,75,'비'),('울산광역시','동구',26,80,'비'),('울산광역시','북구',26,75,'비'),('울산광역시','울주군',27,65,'비'),('울산광역시','중구',27,75,'비'),('인천광역시','강화군',29,55,'맑음'),('인천광역시','계양구',29,50,'맑음'),('인천광역시','남구',29,50,'맑음'),('인천광역시','남동구',28,50,'맑음'),('인천광역시','동구',28,45,'맑음'),('인천광역시','부평구',29,50,'맑음'),('인천광역시','서구',29,55,'맑음'),('인천광역시','연수구',29,50,'맑음'),('인천광역시','옹진군',28,50,'맑음'),('인천광역시','중구',28,55,'맑음'),('전라남도','강진군',25,75,'구름많음'),('전라남도','고흥군',26,70,'구름많음'),('전라남도','곡성군',25,80,'소나기'),('전라남도','광양시',27,70,'소나기'),('전라남도','구례군',25,80,'소나기'),('전라남도','나주시',25,80,'소나기'),('전라남도','담양군',25,90,'소나기'),('전라남도','목포시',26,75,'구름많음'),('전라남도','무안군',24,80,'구름많음'),('전라남도','보성군',24,80,'흐림'),('전라남도','순천시',26,80,'소나기'),('전라남도','신안군',25,75,'구름많음'),('전라남도','여수시',27,70,'맑음'),('전라남도','영광군',24,75,'구름많음'),('전라남도','영암군',25,80,'구름많음'),('전라남도','완도군',26,70,'구름많음'),('전라남도','장성군',24,75,'구름많음'),('전라남도','장흥군',25,75,'구름많음'),('전라남도','진도군',25,75,'맑음'),('전라남도','함평군',24,80,'구름많음'),('전라남도','해남군',25,75,'구름많음'),('전라남도','화순군',24,80,'흐림'),('전라북도','고창군',25,80,'소나기'),('전라북도','군산시',27,65,'소나기'),('전라북도','김제시',25,75,'소나기'),('전라북도','남원시',23,85,'소나기'),('전라북도','무주군',24,85,'소나기'),('전라북도','부안군',26,75,'구름많음'),('전라북도','순창군',25,80,'소나기'),('전라북도','완주군',26,70,'소나기'),('전라북도','익산시',25,65,'소나기'),('전라북도','임실군',23,85,'소나기'),('전라북도','장수군',23,85,'소나기'),('전라북도','전주시덕진구',26,70,'소나기'),('전라북도','전주시완산구',26,70,'소나기'),('전라북도','정읍시',26,75,'소나기'),('전라북도','진안군',23,80,'소나기'),('제주특별자치도','서귀포시',25,80,'소나기'),('제주특별자치도','제주시',26,90,'맑음'),('충청남도','계룡시',25,75,'소나기'),('충청남도','공주시',26,75,'소나기'),('충청남도','금산군',25,75,'소나기'),('충청남도','논산시',26,70,'소나기'),('충청남도','당진군',27,65,'흐림'),('충청남도','보령시',25,70,'소나기'),('충청남도','부여군',26,75,'소나기'),('충청남도','서산시',27,60,'구름많음'),('충청남도','서천군',27,70,'구름많음'),('충청남도','아산시',28,60,'흐림'),('충청남도','연기군',28,60,'소나기'),('충청남도','예산군',27,65,'흐림'),('충청남도','천안시동남구',26,65,'흐림'),('충청남도','천안시서북구',27,60,'흐림'),('충청남도','청양군',26,75,'소나기'),('충청남도','태안군',26,70,'흐림'),('충청남도','홍성군',27,70,'흐림'),('충청북도','괴산군',25,70,'소나기'),('충청북도','단양군',26,70,'소나기'),('충청북도','보은군',26,70,'흐림'),('충청북도','영동군',26,75,'흐림'),('충청북도','옥천군',26,65,'흐림'),('충청북도','음성군',25,70,'소나기'),('충청북도','제천시',26,75,'흐림'),('충청북도','증평군',27,70,'흐림'),('충청북도','진천군',27,65,'소나기'),('충청북도','청원군',27,70,'흐림'),('충청북도','청주시상당구',27,60,'흐림'),('충청북도','청주시흥덕구',27,60,'흐림'),('충청북도','충주시',27,70,'흐림');
/*!40000 ALTER TABLE `weather_info` ENABLE KEYS */;
UNLOCK TABLES;
/*!40103 SET TIME_ZONE=@OLD_TIME_ZONE */;

/*!40101 SET SQL_MODE=@OLD_SQL_MODE */;
/*!40014 SET FOREIGN_KEY_CHECKS=@OLD_FOREIGN_KEY_CHECKS */;
/*!40014 SET UNIQUE_CHECKS=@OLD_UNIQUE_CHECKS */;
/*!40101 SET CHARACTER_SET_CLIENT=@OLD_CHARACTER_SET_CLIENT */;
/*!40101 SET CHARACTER_SET_RESULTS=@OLD_CHARACTER_SET_RESULTS */;
/*!40101 SET COLLATION_CONNECTION=@OLD_COLLATION_CONNECTION */;
/*!40111 SET SQL_NOTES=@OLD_SQL_NOTES */;

-- Dump completed on 2021-08-19 22:41:49
