{
  "project_info": {
    "project_number": "265797479676",
    "project_id": "mypush-5f9c0",
    "storage_bucket": "mypush-5f9c0.appspot.com"
  },
  "client": [
    {
      "client_info": {
        "mobilesdk_app_id": "1:265797479676:android:02906f10b76329a12efb79",
        "android_client_info": {
          "package_name": "com.mococo.webview"
        }
      },
      "oauth_client": [
        {
          "client_id": "265797479676-36uiuhfut3p8911ahgbvg66421ulh6uf.apps.googleusercontent.com",
          "client_type": 3
        }
      ],
      "api_key": [
        {
          "current_key": "AIzaSyD5i8J_D91xDH6Jn7K7-oS0Fk2iCOqQHQI"
        }
      ],
      "services": {
        "appinvite_service": {
          "other_platform_oauth_client": [
            {
              "client_id": "265797479676-36uiuhfut3p8911ahgbvg66421ulh6uf.apps.googleusercontent.com",
              "client_type": 3
            }
          ]
        }
      }
    }
  ],
  "configuration_version": "1"
}